<?xml version="1.0" encoding="UTF-8" ?>
<!-- This is a WordPress eXtended RSS file generated by WordPress as an export of your site. -->
<!-- It contains information about your site's posts, pages, comments, categories, and other content. -->
<!-- You may use this file to transfer that content from one site to another. -->
<!-- This file is not intended to serve as a complete backup of your site. -->

<!-- To import this information into a WordPress site follow these steps: -->
<!-- 1. Log in to that site as an administrator. -->
<!-- 2. Go to Tools: Import in the WordPress admin panel. -->
<!-- 3. Install the "WordPress" importer from the list. -->
<!-- 4. Activate & Run Importer. -->
<!-- 5. Upload this file using the form provided on that page. -->
<!-- 6. You will first be asked to map the authors in this export file to users -->
<!--    on the site. For each author, you may choose to map to an -->
<!--    existing user on the site or to create a new user. -->
<!-- 7. WordPress will then import each of the posts, pages, comments, categories, etc. -->
<!--    contained in this file into your site. -->

<!-- generator="WordPress/4.7.2" created="2017-03-06 16:04" -->
<rss version="2.0"
	xmlns:excerpt="http://wordpress.org/export/1.2/excerpt/"
	xmlns:content="http://purl.org/rss/1.0/modules/content/"
	xmlns:wfw="http://wellformedweb.org/CommentAPI/"
	xmlns:dc="http://purl.org/dc/elements/1.1/"
	xmlns:wp="http://wordpress.org/export/1.2/"
>

<channel>
	<title>Parallax Landing Page Demo</title>
	<link>http://highgradelab.com/upshot/parallax-landing-page-demo</link>
	<description>Upshot - Multipurpose WordPress Theme</description>
	<pubDate>Mon, 06 Mar 2017 16:04:51 +0000</pubDate>
	<language>en-US</language>
	<wp:wxr_version>1.2</wp:wxr_version>
	<wp:base_site_url>http://highgradelab.com/upshot/</wp:base_site_url>
	<wp:base_blog_url>http://highgradelab.com/upshot/parallax-landing-page-demo</wp:base_blog_url>

	<wp:author><wp:author_id>1</wp:author_id><wp:author_login><![CDATA[admin]]></wp:author_login><wp:author_email><![CDATA[contact@highgradelab.com]]></wp:author_email><wp:author_display_name><![CDATA[admin]]></wp:author_display_name><wp:author_first_name><![CDATA[]]></wp:author_first_name><wp:author_last_name><![CDATA[]]></wp:author_last_name></wp:author>

	<wp:category>
		<wp:term_id>1</wp:term_id>
		<wp:category_nicename><![CDATA[uncategorized]]></wp:category_nicename>
		<wp:category_parent><![CDATA[]]></wp:category_parent>
		<wp:cat_name><![CDATA[Uncategorized]]></wp:cat_name>
	</wp:category>
	<wp:term>
		<wp:term_id><![CDATA[5]]></wp:term_id>
		<wp:term_taxonomy><![CDATA[product_type]]></wp:term_taxonomy>
		<wp:term_slug><![CDATA[external]]></wp:term_slug>
		<wp:term_parent><![CDATA[]]></wp:term_parent>
		<wp:term_name><![CDATA[external]]></wp:term_name>
	</wp:term>
	<wp:term>
		<wp:term_id><![CDATA[3]]></wp:term_id>
		<wp:term_taxonomy><![CDATA[product_type]]></wp:term_taxonomy>
		<wp:term_slug><![CDATA[grouped]]></wp:term_slug>
		<wp:term_parent><![CDATA[]]></wp:term_parent>
		<wp:term_name><![CDATA[grouped]]></wp:term_name>
	</wp:term>
	<wp:term>
		<wp:term_id><![CDATA[2]]></wp:term_id>
		<wp:term_taxonomy><![CDATA[product_type]]></wp:term_taxonomy>
		<wp:term_slug><![CDATA[simple]]></wp:term_slug>
		<wp:term_parent><![CDATA[]]></wp:term_parent>
		<wp:term_name><![CDATA[simple]]></wp:term_name>
	</wp:term>
	<wp:term>
		<wp:term_id><![CDATA[4]]></wp:term_id>
		<wp:term_taxonomy><![CDATA[product_type]]></wp:term_taxonomy>
		<wp:term_slug><![CDATA[variable]]></wp:term_slug>
		<wp:term_parent><![CDATA[]]></wp:term_parent>
		<wp:term_name><![CDATA[variable]]></wp:term_name>
	</wp:term>
	<wp:term><wp:term_id>6</wp:term_id><wp:term_taxonomy>nav_menu</wp:term_taxonomy><wp:term_slug><![CDATA[main-menu]]></wp:term_slug><wp:term_name><![CDATA[Main Menu]]></wp:term_name>
</wp:term>

	<generator>https://wordpress.org/?v=4.7.2</generator>

	<item>
		<title>Contact form 1</title>
		<link>http://highgradelab.com/upshot/parallax-landing-page-demo/?post_type=wpcf7_contact_form&#038;p=6</link>
		<pubDate>Fri, 03 Mar 2017 12:47:46 +0000</pubDate>
		<dc:creator><![CDATA[admin]]></dc:creator>
		<guid isPermaLink="false">http://highgradelab.com/upshot/parallax-landing-page-demo/?post_type=wpcf7_contact_form&#038;p=6</guid>
		<description></description>
		<content:encoded><![CDATA[<label> Your Name (required)
    [text* your-name] </label>

<label> Your Email (required)
    [email* your-email] </label>

<label> Subject
    [text your-subject] </label>

<label> Your Message
    [textarea your-message] </label>

[submit "Send"]
Parallax-Landing-Page-Demo "[your-subject]"
[your-name] <contact@highgradelab.com>
From: [your-name] <[your-email]>
Subject: [your-subject]

Message Body:
[your-message]

--
This e-mail was sent from a contact form on Parallax-Landing-Page-Demo (http://highgradelab.com/upshot/parallax-landing-page-demo)
contact@highgradelab.com
Reply-To: [your-email]

0
0

Parallax-Landing-Page-Demo "[your-subject]"
Parallax-Landing-Page-Demo <contact@highgradelab.com>
Message Body:
[your-message]

--
This e-mail was sent from a contact form on Parallax-Landing-Page-Demo (http://highgradelab.com/upshot/parallax-landing-page-demo)
[your-email]
Reply-To: contact@highgradelab.com

0
0
Thank you for your message. It has been sent.
There was an error trying to send your message. Please try again later.
One or more fields have an error. Please check and try again.
There was an error trying to send your message. Please try again later.
You must accept the terms and conditions before sending your message.
The field is required.
The field is too long.
The field is too short.]]></content:encoded>
		<excerpt:encoded><![CDATA[]]></excerpt:encoded>
		<wp:post_id>6</wp:post_id>
		<wp:post_date><![CDATA[2017-03-03 12:47:46]]></wp:post_date>
		<wp:post_date_gmt><![CDATA[2017-03-03 12:47:46]]></wp:post_date_gmt>
		<wp:comment_status><![CDATA[closed]]></wp:comment_status>
		<wp:ping_status><![CDATA[closed]]></wp:ping_status>
		<wp:post_name><![CDATA[contact-form-1]]></wp:post_name>
		<wp:status><![CDATA[publish]]></wp:status>
		<wp:post_parent>0</wp:post_parent>
		<wp:menu_order>0</wp:menu_order>
		<wp:post_type><![CDATA[wpcf7_contact_form]]></wp:post_type>
		<wp:post_password><![CDATA[]]></wp:post_password>
		<wp:is_sticky>0</wp:is_sticky>
		<wp:postmeta>
			<wp:meta_key><![CDATA[_form]]></wp:meta_key>
			<wp:meta_value><![CDATA[<label> Your Name (required)
    [text* your-name] </label>

<label> Your Email (required)
    [email* your-email] </label>

<label> Subject
    [text your-subject] </label>

<label> Your Message
    [textarea your-message] </label>

[submit "Send"]]]></wp:meta_value>
		</wp:postmeta>
		<wp:postmeta>
			<wp:meta_key><![CDATA[_mail]]></wp:meta_key>
			<wp:meta_value><![CDATA[a:8:{s:7:"subject";s:43:"Parallax-Landing-Page-Demo "[your-subject]"";s:6:"sender";s:38:"[your-name] <contact@highgradelab.com>";s:4:"body";s:221:"From: [your-name] <[your-email]>
Subject: [your-subject]

Message Body:
[your-message]

--
This e-mail was sent from a contact form on Parallax-Landing-Page-Demo (http://highgradelab.com/upshot/parallax-landing-page-demo)";s:9:"recipient";s:24:"contact@highgradelab.com";s:18:"additional_headers";s:22:"Reply-To: [your-email]";s:11:"attachments";s:0:"";s:8:"use_html";i:0;s:13:"exclude_blank";i:0;}]]></wp:meta_value>
		</wp:postmeta>
		<wp:postmeta>
			<wp:meta_key><![CDATA[_mail_2]]></wp:meta_key>
			<wp:meta_value><![CDATA[a:9:{s:6:"active";b:0;s:7:"subject";s:43:"Parallax-Landing-Page-Demo "[your-subject]"";s:6:"sender";s:53:"Parallax-Landing-Page-Demo <contact@highgradelab.com>";s:4:"body";s:163:"Message Body:
[your-message]

--
This e-mail was sent from a contact form on Parallax-Landing-Page-Demo (http://highgradelab.com/upshot/parallax-landing-page-demo)";s:9:"recipient";s:12:"[your-email]";s:18:"additional_headers";s:34:"Reply-To: contact@highgradelab.com";s:11:"attachments";s:0:"";s:8:"use_html";i:0;s:13:"exclude_blank";i:0;}]]></wp:meta_value>
		</wp:postmeta>
		<wp:postmeta>
			<wp:meta_key><![CDATA[_messages]]></wp:meta_key>
			<wp:meta_value><![CDATA[a:8:{s:12:"mail_sent_ok";s:45:"Thank you for your message. It has been sent.";s:12:"mail_sent_ng";s:71:"There was an error trying to send your message. Please try again later.";s:16:"validation_error";s:61:"One or more fields have an error. Please check and try again.";s:4:"spam";s:71:"There was an error trying to send your message. Please try again later.";s:12:"accept_terms";s:69:"You must accept the terms and conditions before sending your message.";s:16:"invalid_required";s:22:"The field is required.";s:16:"invalid_too_long";s:22:"The field is too long.";s:17:"invalid_too_short";s:23:"The field is too short.";}]]></wp:meta_value>
		</wp:postmeta>
		<wp:postmeta>
			<wp:meta_key><![CDATA[_additional_settings]]></wp:meta_key>
			<wp:meta_value><![CDATA[]]></wp:meta_value>
		</wp:postmeta>
		<wp:postmeta>
			<wp:meta_key><![CDATA[_locale]]></wp:meta_key>
			<wp:meta_value><![CDATA[en_US]]></wp:meta_value>
		</wp:postmeta>
	</item>
	<item>
		<title>Home</title>
		<link>http://highgradelab.com/upshot/parallax-landing-page-demo/</link>
		<pubDate>Fri, 03 Mar 2017 12:55:34 +0000</pubDate>
		<dc:creator><![CDATA[admin]]></dc:creator>
		<guid isPermaLink="false">http://highgradelab.com/upshot/parallax-landing-page-demo/?page_id=7</guid>
		<description></description>
		<content:encoded><![CDATA[<span style="color: #ff0000;"><span style="font-weight: 400;">This is the Parent page for the homepage sections. Don't edit this page, instead, go to </span><b>Settings - Reading</b><span style="font-weight: 400;"> and set it as </span><b>Front Page</b><span style="font-weight: 400;">.</span></span>]]></content:encoded>
		<excerpt:encoded><![CDATA[]]></excerpt:encoded>
		<wp:post_id>7</wp:post_id>
		<wp:post_date><![CDATA[2017-03-03 12:55:34]]></wp:post_date>
		<wp:post_date_gmt><![CDATA[2017-03-03 12:55:34]]></wp:post_date_gmt>
		<wp:comment_status><![CDATA[closed]]></wp:comment_status>
		<wp:ping_status><![CDATA[closed]]></wp:ping_status>
		<wp:post_name><![CDATA[home]]></wp:post_name>
		<wp:status><![CDATA[publish]]></wp:status>
		<wp:post_parent>0</wp:post_parent>
		<wp:menu_order>0</wp:menu_order>
		<wp:post_type><![CDATA[page]]></wp:post_type>
		<wp:post_password><![CDATA[]]></wp:post_password>
		<wp:is_sticky>0</wp:is_sticky>
		<wp:postmeta>
			<wp:meta_key><![CDATA[_vc_post_settings]]></wp:meta_key>
			<wp:meta_value><![CDATA[a:1:{s:10:"vc_grid_id";a:0:{}}]]></wp:meta_value>
		</wp:postmeta>
		<wp:postmeta>
			<wp:meta_key><![CDATA[_edit_last]]></wp:meta_key>
			<wp:meta_value><![CDATA[1]]></wp:meta_value>
		</wp:postmeta>
		<wp:postmeta>
			<wp:meta_key><![CDATA[_wp_page_template]]></wp:meta_key>
			<wp:meta_value><![CDATA[default]]></wp:meta_value>
		</wp:postmeta>
		<wp:postmeta>
			<wp:meta_key><![CDATA[_hgr_megafooterID]]></wp:meta_key>
			<wp:meta_value><![CDATA[]]></wp:meta_value>
		</wp:postmeta>
		<wp:postmeta>
			<wp:meta_key><![CDATA[slide_template]]></wp:meta_key>
			<wp:meta_value><![CDATA[default]]></wp:meta_value>
		</wp:postmeta>
		<wp:postmeta>
			<wp:meta_key><![CDATA[eg_sources_html5_mp4]]></wp:meta_key>
			<wp:meta_value><![CDATA[]]></wp:meta_value>
		</wp:postmeta>
		<wp:postmeta>
			<wp:meta_key><![CDATA[eg_sources_html5_ogv]]></wp:meta_key>
			<wp:meta_value><![CDATA[]]></wp:meta_value>
		</wp:postmeta>
		<wp:postmeta>
			<wp:meta_key><![CDATA[eg_sources_html5_webm]]></wp:meta_key>
			<wp:meta_value><![CDATA[]]></wp:meta_value>
		</wp:postmeta>
		<wp:postmeta>
			<wp:meta_key><![CDATA[eg_sources_youtube]]></wp:meta_key>
			<wp:meta_value><![CDATA[]]></wp:meta_value>
		</wp:postmeta>
		<wp:postmeta>
			<wp:meta_key><![CDATA[eg_sources_vimeo]]></wp:meta_key>
			<wp:meta_value><![CDATA[]]></wp:meta_value>
		</wp:postmeta>
		<wp:postmeta>
			<wp:meta_key><![CDATA[eg_sources_wistia]]></wp:meta_key>
			<wp:meta_value><![CDATA[]]></wp:meta_value>
		</wp:postmeta>
		<wp:postmeta>
			<wp:meta_key><![CDATA[eg_sources_image]]></wp:meta_key>
			<wp:meta_value><![CDATA[]]></wp:meta_value>
		</wp:postmeta>
		<wp:postmeta>
			<wp:meta_key><![CDATA[eg_sources_iframe]]></wp:meta_key>
			<wp:meta_value><![CDATA[]]></wp:meta_value>
		</wp:postmeta>
		<wp:postmeta>
			<wp:meta_key><![CDATA[eg_sources_soundcloud]]></wp:meta_key>
			<wp:meta_value><![CDATA[]]></wp:meta_value>
		</wp:postmeta>
		<wp:postmeta>
			<wp:meta_key><![CDATA[eg_vimeo_ratio]]></wp:meta_key>
			<wp:meta_value><![CDATA[0]]></wp:meta_value>
		</wp:postmeta>
		<wp:postmeta>
			<wp:meta_key><![CDATA[eg_youtube_ratio]]></wp:meta_key>
			<wp:meta_value><![CDATA[0]]></wp:meta_value>
		</wp:postmeta>
		<wp:postmeta>
			<wp:meta_key><![CDATA[eg_wistia_ratio]]></wp:meta_key>
			<wp:meta_value><![CDATA[0]]></wp:meta_value>
		</wp:postmeta>
		<wp:postmeta>
			<wp:meta_key><![CDATA[eg_html5_ratio]]></wp:meta_key>
			<wp:meta_value><![CDATA[0]]></wp:meta_value>
		</wp:postmeta>
		<wp:postmeta>
			<wp:meta_key><![CDATA[eg_soundcloud_ratio]]></wp:meta_key>
			<wp:meta_value><![CDATA[0]]></wp:meta_value>
		</wp:postmeta>
		<wp:postmeta>
			<wp:meta_key><![CDATA[eg_settings_custom_meta_skin]]></wp:meta_key>
			<wp:meta_value><![CDATA[]]></wp:meta_value>
		</wp:postmeta>
		<wp:postmeta>
			<wp:meta_key><![CDATA[eg_settings_custom_meta_element]]></wp:meta_key>
			<wp:meta_value><![CDATA[]]></wp:meta_value>
		</wp:postmeta>
		<wp:postmeta>
			<wp:meta_key><![CDATA[eg_settings_custom_meta_setting]]></wp:meta_key>
			<wp:meta_value><![CDATA[]]></wp:meta_value>
		</wp:postmeta>
		<wp:postmeta>
			<wp:meta_key><![CDATA[eg_settings_custom_meta_style]]></wp:meta_key>
			<wp:meta_value><![CDATA[]]></wp:meta_value>
		</wp:postmeta>
		<wp:postmeta>
			<wp:meta_key><![CDATA[_hgr_page_color_scheme]]></wp:meta_key>
			<wp:meta_value><![CDATA[light_scheme]]></wp:meta_value>
		</wp:postmeta>
		<wp:postmeta>
			<wp:meta_key><![CDATA[_wpb_vc_js_status]]></wp:meta_key>
			<wp:meta_value><![CDATA[false]]></wp:meta_value>
		</wp:postmeta>
	</item>
	<item>
		<title>Slider (Parallax Landing Page)</title>
		<link>http://highgradelab.com/upshot/parallax-landing-page-demo/home/slider-parallax-landing-page/</link>
		<pubDate>Fri, 03 Mar 2017 13:00:30 +0000</pubDate>
		<dc:creator><![CDATA[admin]]></dc:creator>
		<guid isPermaLink="false">http://highgradelab.com/upshot/parallax-landing-page-demo/?page_id=9</guid>
		<description></description>
		<content:encoded><![CDATA[[vc_row full_width="stretch_row" full_height="yes" parallax="content-moving" parallax_image="110" css=".vc_custom_1488563323420{background-position: center;background-repeat: no-repeat !important;background-size: cover !important;}" el_id="home"][vc_column css=".vc_custom_1486650649882{background-position: center !important;background-repeat: no-repeat !important;background-size: cover !important;}"][vc_column_text css_animation="left-to-right"]
<h2 style="text-align: center;">This is an awesome Upshot theme
for every kind of Business</h2>
[/vc_column_text][vc_btn title="BUY UPSHOT" style="outline-custom" outline_custom_color="#ffffff" outline_custom_hover_background="#21af91" outline_custom_hover_text="#ffffff" shape="square" align="center" css_animation="left-to-right"][/vc_column][/vc_row]]]></content:encoded>
		<excerpt:encoded><![CDATA[]]></excerpt:encoded>
		<wp:post_id>9</wp:post_id>
		<wp:post_date><![CDATA[2017-03-03 13:00:30]]></wp:post_date>
		<wp:post_date_gmt><![CDATA[2017-03-03 13:00:30]]></wp:post_date_gmt>
		<wp:comment_status><![CDATA[closed]]></wp:comment_status>
		<wp:ping_status><![CDATA[closed]]></wp:ping_status>
		<wp:post_name><![CDATA[slider-parallax-landing-page]]></wp:post_name>
		<wp:status><![CDATA[publish]]></wp:status>
		<wp:post_parent>7</wp:post_parent>
		<wp:menu_order>10</wp:menu_order>
		<wp:post_type><![CDATA[page]]></wp:post_type>
		<wp:post_password><![CDATA[]]></wp:post_password>
		<wp:is_sticky>0</wp:is_sticky>
		<wp:postmeta>
			<wp:meta_key><![CDATA[_vc_post_settings]]></wp:meta_key>
			<wp:meta_value><![CDATA[a:1:{s:10:"vc_grid_id";a:0:{}}]]></wp:meta_value>
		</wp:postmeta>
		<wp:postmeta>
			<wp:meta_key><![CDATA[_edit_last]]></wp:meta_key>
			<wp:meta_value><![CDATA[1]]></wp:meta_value>
		</wp:postmeta>
		<wp:postmeta>
			<wp:meta_key><![CDATA[_wp_page_template]]></wp:meta_key>
			<wp:meta_value><![CDATA[default]]></wp:meta_value>
		</wp:postmeta>
		<wp:postmeta>
			<wp:meta_key><![CDATA[_hgr_megafooterID]]></wp:meta_key>
			<wp:meta_value><![CDATA[]]></wp:meta_value>
		</wp:postmeta>
		<wp:postmeta>
			<wp:meta_key><![CDATA[slide_template]]></wp:meta_key>
			<wp:meta_value><![CDATA[default]]></wp:meta_value>
		</wp:postmeta>
		<wp:postmeta>
			<wp:meta_key><![CDATA[eg_sources_html5_mp4]]></wp:meta_key>
			<wp:meta_value><![CDATA[]]></wp:meta_value>
		</wp:postmeta>
		<wp:postmeta>
			<wp:meta_key><![CDATA[eg_sources_html5_ogv]]></wp:meta_key>
			<wp:meta_value><![CDATA[]]></wp:meta_value>
		</wp:postmeta>
		<wp:postmeta>
			<wp:meta_key><![CDATA[eg_sources_html5_webm]]></wp:meta_key>
			<wp:meta_value><![CDATA[]]></wp:meta_value>
		</wp:postmeta>
		<wp:postmeta>
			<wp:meta_key><![CDATA[eg_sources_youtube]]></wp:meta_key>
			<wp:meta_value><![CDATA[]]></wp:meta_value>
		</wp:postmeta>
		<wp:postmeta>
			<wp:meta_key><![CDATA[eg_sources_vimeo]]></wp:meta_key>
			<wp:meta_value><![CDATA[]]></wp:meta_value>
		</wp:postmeta>
		<wp:postmeta>
			<wp:meta_key><![CDATA[eg_sources_wistia]]></wp:meta_key>
			<wp:meta_value><![CDATA[]]></wp:meta_value>
		</wp:postmeta>
		<wp:postmeta>
			<wp:meta_key><![CDATA[eg_sources_image]]></wp:meta_key>
			<wp:meta_value><![CDATA[]]></wp:meta_value>
		</wp:postmeta>
		<wp:postmeta>
			<wp:meta_key><![CDATA[eg_sources_iframe]]></wp:meta_key>
			<wp:meta_value><![CDATA[]]></wp:meta_value>
		</wp:postmeta>
		<wp:postmeta>
			<wp:meta_key><![CDATA[eg_sources_soundcloud]]></wp:meta_key>
			<wp:meta_value><![CDATA[]]></wp:meta_value>
		</wp:postmeta>
		<wp:postmeta>
			<wp:meta_key><![CDATA[eg_vimeo_ratio]]></wp:meta_key>
			<wp:meta_value><![CDATA[0]]></wp:meta_value>
		</wp:postmeta>
		<wp:postmeta>
			<wp:meta_key><![CDATA[eg_youtube_ratio]]></wp:meta_key>
			<wp:meta_value><![CDATA[0]]></wp:meta_value>
		</wp:postmeta>
		<wp:postmeta>
			<wp:meta_key><![CDATA[eg_wistia_ratio]]></wp:meta_key>
			<wp:meta_value><![CDATA[0]]></wp:meta_value>
		</wp:postmeta>
		<wp:postmeta>
			<wp:meta_key><![CDATA[eg_html5_ratio]]></wp:meta_key>
			<wp:meta_value><![CDATA[0]]></wp:meta_value>
		</wp:postmeta>
		<wp:postmeta>
			<wp:meta_key><![CDATA[eg_soundcloud_ratio]]></wp:meta_key>
			<wp:meta_value><![CDATA[0]]></wp:meta_value>
		</wp:postmeta>
		<wp:postmeta>
			<wp:meta_key><![CDATA[eg_settings_custom_meta_skin]]></wp:meta_key>
			<wp:meta_value><![CDATA[]]></wp:meta_value>
		</wp:postmeta>
		<wp:postmeta>
			<wp:meta_key><![CDATA[eg_settings_custom_meta_element]]></wp:meta_key>
			<wp:meta_value><![CDATA[]]></wp:meta_value>
		</wp:postmeta>
		<wp:postmeta>
			<wp:meta_key><![CDATA[eg_settings_custom_meta_setting]]></wp:meta_key>
			<wp:meta_value><![CDATA[]]></wp:meta_value>
		</wp:postmeta>
		<wp:postmeta>
			<wp:meta_key><![CDATA[eg_settings_custom_meta_style]]></wp:meta_key>
			<wp:meta_value><![CDATA[]]></wp:meta_value>
		</wp:postmeta>
		<wp:postmeta>
			<wp:meta_key><![CDATA[_hgr_page_color_scheme]]></wp:meta_key>
			<wp:meta_value><![CDATA[dark_scheme]]></wp:meta_value>
		</wp:postmeta>
		<wp:postmeta>
			<wp:meta_key><![CDATA[_wpb_vc_js_status]]></wp:meta_key>
			<wp:meta_value><![CDATA[true]]></wp:meta_value>
		</wp:postmeta>
		<wp:postmeta>
			<wp:meta_key><![CDATA[_wpb_shortcodes_custom_css]]></wp:meta_key>
			<wp:meta_value><![CDATA[.vc_custom_1488563323420{background-position: center;background-repeat: no-repeat !important;background-size: cover !important;}.vc_custom_1486650649882{background-position: center !important;background-repeat: no-repeat !important;background-size: cover !important;}]]></wp:meta_value>
		</wp:postmeta>
	</item>
	<item>
		<title>About (Parallax Landing Page)</title>
		<link>http://highgradelab.com/upshot/parallax-landing-page-demo/home/about-parallax-landing-page/</link>
		<pubDate>Fri, 03 Mar 2017 13:10:31 +0000</pubDate>
		<dc:creator><![CDATA[admin]]></dc:creator>
		<guid isPermaLink="false">http://highgradelab.com/upshot/parallax-landing-page-demo/?page_id=17</guid>
		<description></description>
		<content:encoded><![CDATA[[vc_row full_width="stretch_row" gap="35" full_height="yes" equal_height="yes" content_placement="top" parallax="content-moving" parallax_image="95" css=".vc_custom_1488562680632{background-position: center;background-repeat: no-repeat !important;background-size: cover !important;}" el_id="about"][vc_column width="1/2" css=".vc_custom_1486650649882{background-position: center !important;background-repeat: no-repeat !important;background-size: cover !important;}"][vc_column_text css_animation="left-to-right" css=".vc_custom_1488562725715{margin-top: 0px !important;padding-top: 0px !important;}"]
<h3>Consistency is the key to make money in business. Start now with this awesome theme. Be successful day in and day out.</h3>
[/vc_column_text][vc_btn title="LET'S START" style="outline-custom" outline_custom_color="#ffffff" outline_custom_hover_background="#21af91" outline_custom_hover_text="#ffffff" shape="square" align="left" css_animation="left-to-right" css=".vc_custom_1488562714531{margin-top: -10px !important;margin-bottom: 0px !important;padding-bottom: 40px !important;}" link="url:https%3A%2F%2Fthemeforest.net%2Fitem%2Fupshot-business-multi-purpose-wordpress-theme%2F19291375%3Fref%3DHighGrade||target:%20_blank|"][/vc_column][vc_column width="1/2"][/vc_column][/vc_row]]]></content:encoded>
		<excerpt:encoded><![CDATA[]]></excerpt:encoded>
		<wp:post_id>17</wp:post_id>
		<wp:post_date><![CDATA[2017-03-03 13:10:31]]></wp:post_date>
		<wp:post_date_gmt><![CDATA[2017-03-03 13:10:31]]></wp:post_date_gmt>
		<wp:comment_status><![CDATA[closed]]></wp:comment_status>
		<wp:ping_status><![CDATA[closed]]></wp:ping_status>
		<wp:post_name><![CDATA[about-parallax-landing-page]]></wp:post_name>
		<wp:status><![CDATA[publish]]></wp:status>
		<wp:post_parent>7</wp:post_parent>
		<wp:menu_order>20</wp:menu_order>
		<wp:post_type><![CDATA[page]]></wp:post_type>
		<wp:post_password><![CDATA[]]></wp:post_password>
		<wp:is_sticky>0</wp:is_sticky>
		<wp:postmeta>
			<wp:meta_key><![CDATA[_edit_last]]></wp:meta_key>
			<wp:meta_value><![CDATA[1]]></wp:meta_value>
		</wp:postmeta>
		<wp:postmeta>
			<wp:meta_key><![CDATA[_wp_page_template]]></wp:meta_key>
			<wp:meta_value><![CDATA[default]]></wp:meta_value>
		</wp:postmeta>
		<wp:postmeta>
			<wp:meta_key><![CDATA[_hgr_megafooterID]]></wp:meta_key>
			<wp:meta_value><![CDATA[]]></wp:meta_value>
		</wp:postmeta>
		<wp:postmeta>
			<wp:meta_key><![CDATA[_vc_post_settings]]></wp:meta_key>
			<wp:meta_value><![CDATA[a:1:{s:10:"vc_grid_id";a:0:{}}]]></wp:meta_value>
		</wp:postmeta>
		<wp:postmeta>
			<wp:meta_key><![CDATA[slide_template]]></wp:meta_key>
			<wp:meta_value><![CDATA[default]]></wp:meta_value>
		</wp:postmeta>
		<wp:postmeta>
			<wp:meta_key><![CDATA[eg_sources_html5_mp4]]></wp:meta_key>
			<wp:meta_value><![CDATA[]]></wp:meta_value>
		</wp:postmeta>
		<wp:postmeta>
			<wp:meta_key><![CDATA[eg_sources_html5_ogv]]></wp:meta_key>
			<wp:meta_value><![CDATA[]]></wp:meta_value>
		</wp:postmeta>
		<wp:postmeta>
			<wp:meta_key><![CDATA[eg_sources_html5_webm]]></wp:meta_key>
			<wp:meta_value><![CDATA[]]></wp:meta_value>
		</wp:postmeta>
		<wp:postmeta>
			<wp:meta_key><![CDATA[eg_sources_youtube]]></wp:meta_key>
			<wp:meta_value><![CDATA[]]></wp:meta_value>
		</wp:postmeta>
		<wp:postmeta>
			<wp:meta_key><![CDATA[eg_sources_vimeo]]></wp:meta_key>
			<wp:meta_value><![CDATA[]]></wp:meta_value>
		</wp:postmeta>
		<wp:postmeta>
			<wp:meta_key><![CDATA[eg_sources_wistia]]></wp:meta_key>
			<wp:meta_value><![CDATA[]]></wp:meta_value>
		</wp:postmeta>
		<wp:postmeta>
			<wp:meta_key><![CDATA[eg_sources_image]]></wp:meta_key>
			<wp:meta_value><![CDATA[]]></wp:meta_value>
		</wp:postmeta>
		<wp:postmeta>
			<wp:meta_key><![CDATA[eg_sources_iframe]]></wp:meta_key>
			<wp:meta_value><![CDATA[]]></wp:meta_value>
		</wp:postmeta>
		<wp:postmeta>
			<wp:meta_key><![CDATA[eg_sources_soundcloud]]></wp:meta_key>
			<wp:meta_value><![CDATA[]]></wp:meta_value>
		</wp:postmeta>
		<wp:postmeta>
			<wp:meta_key><![CDATA[eg_vimeo_ratio]]></wp:meta_key>
			<wp:meta_value><![CDATA[0]]></wp:meta_value>
		</wp:postmeta>
		<wp:postmeta>
			<wp:meta_key><![CDATA[eg_youtube_ratio]]></wp:meta_key>
			<wp:meta_value><![CDATA[0]]></wp:meta_value>
		</wp:postmeta>
		<wp:postmeta>
			<wp:meta_key><![CDATA[eg_wistia_ratio]]></wp:meta_key>
			<wp:meta_value><![CDATA[0]]></wp:meta_value>
		</wp:postmeta>
		<wp:postmeta>
			<wp:meta_key><![CDATA[eg_html5_ratio]]></wp:meta_key>
			<wp:meta_value><![CDATA[0]]></wp:meta_value>
		</wp:postmeta>
		<wp:postmeta>
			<wp:meta_key><![CDATA[eg_soundcloud_ratio]]></wp:meta_key>
			<wp:meta_value><![CDATA[0]]></wp:meta_value>
		</wp:postmeta>
		<wp:postmeta>
			<wp:meta_key><![CDATA[eg_settings_custom_meta_skin]]></wp:meta_key>
			<wp:meta_value><![CDATA[]]></wp:meta_value>
		</wp:postmeta>
		<wp:postmeta>
			<wp:meta_key><![CDATA[eg_settings_custom_meta_element]]></wp:meta_key>
			<wp:meta_value><![CDATA[]]></wp:meta_value>
		</wp:postmeta>
		<wp:postmeta>
			<wp:meta_key><![CDATA[eg_settings_custom_meta_setting]]></wp:meta_key>
			<wp:meta_value><![CDATA[]]></wp:meta_value>
		</wp:postmeta>
		<wp:postmeta>
			<wp:meta_key><![CDATA[eg_settings_custom_meta_style]]></wp:meta_key>
			<wp:meta_value><![CDATA[]]></wp:meta_value>
		</wp:postmeta>
		<wp:postmeta>
			<wp:meta_key><![CDATA[_hgr_page_color_scheme]]></wp:meta_key>
			<wp:meta_value><![CDATA[dark_scheme]]></wp:meta_value>
		</wp:postmeta>
		<wp:postmeta>
			<wp:meta_key><![CDATA[_wpb_vc_js_status]]></wp:meta_key>
			<wp:meta_value><![CDATA[true]]></wp:meta_value>
		</wp:postmeta>
		<wp:postmeta>
			<wp:meta_key><![CDATA[_wpb_shortcodes_custom_css]]></wp:meta_key>
			<wp:meta_value><![CDATA[.vc_custom_1488562680632{background-position: center;background-repeat: no-repeat !important;background-size: cover !important;}.vc_custom_1486650649882{background-position: center !important;background-repeat: no-repeat !important;background-size: cover !important;}.vc_custom_1488562725715{margin-top: 0px !important;padding-top: 0px !important;}.vc_custom_1488562714531{margin-top: -10px !important;margin-bottom: 0px !important;padding-bottom: 40px !important;}]]></wp:meta_value>
		</wp:postmeta>
	</item>
	<item>
		<title>Services (Parallax Landing Page)</title>
		<link>http://highgradelab.com/upshot/parallax-landing-page-demo/home/services-parallax-landing-page/</link>
		<pubDate>Fri, 03 Mar 2017 13:28:39 +0000</pubDate>
		<dc:creator><![CDATA[admin]]></dc:creator>
		<guid isPermaLink="false">http://highgradelab.com/upshot/parallax-landing-page-demo/?page_id=28</guid>
		<description></description>
		<content:encoded><![CDATA[[vc_section full_width="stretch_row" full_height="yes" content_placement="middle" parallax="content-moving" parallax_image="88" parallax_speed_bg="1.3" el_id="services"][vc_row gap="35" content_placement="middle" css=".vc_custom_1488565031017{padding-bottom: 20px !important;}"][vc_column width="1/3"][vc_icon type="linecons" icon_linecons="vc_li vc_li-params" color="white" align="right" css_animation="left-to-right"][vc_column_text css_animation="left-to-right" css=".vc_custom_1488808104957{margin-top: -30px !important;}"]
<h4 style="text-align: right;">Drop Down Menus</h4>
[/vc_column_text][vc_column_text css_animation="left-to-right" css=".vc_custom_1488808111114{margin-top: -20px !important;padding-bottom: 20px !important;}"]
<p style="text-align: right;"><span style="color: #ffffff;">When using complex page hierarchies or content rich websites, drop down menus could definitely come in hand.</span></p>
[/vc_column_text][vc_icon type="linecons" icon_linecons="vc_li vc_li-phone" color="white" align="right" css_animation="left-to-right"][vc_column_text css_animation="left-to-right" css=".vc_custom_1488808090714{margin-top: -30px !important;}"]
<h4 style="text-align: right;">Fully Responsive</h4>
[/vc_column_text][vc_column_text css_animation="left-to-right" css=".vc_custom_1488808096636{margin-top: -20px !important;margin-bottom: 0px !important;padding-bottom: 20px !important;}"]
<p style="text-align: right;"><span style="color: #ffffff;">This theme is based on Bootstrap Framework, which means it was built mobile first. Everything looks perfect.</span></p>
[/vc_column_text][/vc_column][vc_column width="1/3"][vc_column_text]
<h2 style="text-align: center;">OUR
SERVICES</h2>
[/vc_column_text][/vc_column][vc_column width="1/3"][vc_icon type="linecons" icon_linecons="vc_li vc_li-study" color="white" css_animation="right-to-left"][vc_column_text css_animation="right-to-left" css=".vc_custom_1488808017767{margin-top: -30px !important;}"]
<h4>Translation Ready</h4>
[/vc_column_text][vc_column_text css_animation="right-to-left" css=".vc_custom_1488564218920{margin-top: -20px !important;padding-bottom: 20px !important;}"]<span style="color: #ffffff;">WPML compatible and also includes .mo and .po files that can be translated using an appropriate software.</span>[/vc_column_text][vc_icon type="linecons" icon_linecons="vc_li vc_li-bulb" color="white" css_animation="right-to-left"][vc_column_text css_animation="right-to-left" css=".vc_custom_1488808027049{margin-top: -30px !important;}"]
<h4>SEO Ready</h4>
[/vc_column_text][vc_column_text css_animation="right-to-left" css=".vc_custom_1488564237014{margin-top: -20px !important;margin-bottom: 0px !important;padding-bottom: 20px !important;}"]<span style="color: #ffffff;">Good ranking requires relevant content, but it’s our duty to insure proper code formatting that helps on better scoring.</span>[/vc_column_text][/vc_column][/vc_row][/vc_section][vc_section full_width="stretch_row" full_height="yes" content_placement="bottom" parallax="content-moving" parallax_image="88" parallax_speed_bg="1.3" disable_element="yes"][vc_row content_placement="bottom"][vc_column][vc_column_text css_animation="left-to-right"]
<h2 style="text-align: center;">Parallax Landing Page Upshot Demo
Easy One Click Install Option</h2>
[/vc_column_text][vc_btn title="DISCOVER UPSHOT" style="outline-custom" outline_custom_color="#ffffff" outline_custom_hover_background="#21af91" outline_custom_hover_text="#ffffff" shape="square" align="center" css_animation="left-to-right"][/vc_column][/vc_row][vc_row gap="35" content_placement="bottom" css=".vc_custom_1487198342803{padding-top: 50px !important;padding-bottom: 20px !important;}"][vc_column width="1/3"][vc_icon type="linecons" icon_linecons="vc_li vc_li-star" color="custom" css_animation="left-to-right" custom_color="#ffffff"][vc_column_text css_animation="left-to-right" css=".vc_custom_1488547948214{margin-top: -20px !important;padding-left: 15px !important;}"]
<h4>MARKETING</h4>
[/vc_column_text][vc_column_text css_animation="left-to-right" css=".vc_custom_1488551435491{margin-top: -20px !important;padding-left: 15px !important;}"]<span style="color: #ffffff;">Upshot Theme provides you 15 different awesome layouts. Any of this layouts will give you the ultimate experience with your special website. You’ve got full freedom.</span>[/vc_column_text][/vc_column][vc_column width="1/3"][vc_icon type="linecons" icon_linecons="vc_li vc_li-note" color="custom" css_animation="left-to-right" custom_color="#ffffff"][vc_column_text css_animation="left-to-right" css=".vc_custom_1488547953792{margin-top: -20px !important;padding-left: 15px !important;}"]
<h4>DESIGN</h4>
[/vc_column_text][vc_column_text css_animation="right-to-left" css=".vc_custom_1488547687464{margin-top: -20px !important;padding-left: 15px !important;}"]<span style="color: #ffffff;">We’re a team of 4 professionals who quit their daily jobs to start a new business, focused 100% on creating high quality WordPress themes. We’ve got more than 7 years of experience.</span>[/vc_column_text][/vc_column][vc_column width="1/3"][vc_icon type="linecons" icon_linecons="vc_li vc_li-paperplane" color="custom" css_animation="right-to-left" custom_color="#ffffff"][vc_column_text css_animation="right-to-left" css=".vc_custom_1488547960555{margin-top: -20px !important;padding-left: 15px !important;}"]
<h4>BRANDING</h4>
[/vc_column_text][vc_column_text css_animation="right-to-left" css=".vc_custom_1488551461881{margin-top: -20px !important;padding-left: 15px !important;}"]<span style="color: #ffffff;">This theme is based on Bootstrap Framework, meaning it was built mobile first. Everything looks perfect on any mobile device and our support team is here to help you.</span>[/vc_column_text][/vc_column][/vc_row][/vc_section]]]></content:encoded>
		<excerpt:encoded><![CDATA[]]></excerpt:encoded>
		<wp:post_id>28</wp:post_id>
		<wp:post_date><![CDATA[2017-03-03 13:28:39]]></wp:post_date>
		<wp:post_date_gmt><![CDATA[2017-03-03 13:28:39]]></wp:post_date_gmt>
		<wp:comment_status><![CDATA[closed]]></wp:comment_status>
		<wp:ping_status><![CDATA[closed]]></wp:ping_status>
		<wp:post_name><![CDATA[services-parallax-landing-page]]></wp:post_name>
		<wp:status><![CDATA[publish]]></wp:status>
		<wp:post_parent>7</wp:post_parent>
		<wp:menu_order>30</wp:menu_order>
		<wp:post_type><![CDATA[page]]></wp:post_type>
		<wp:post_password><![CDATA[]]></wp:post_password>
		<wp:is_sticky>0</wp:is_sticky>
		<wp:postmeta>
			<wp:meta_key><![CDATA[_vc_post_settings]]></wp:meta_key>
			<wp:meta_value><![CDATA[a:1:{s:10:"vc_grid_id";a:0:{}}]]></wp:meta_value>
		</wp:postmeta>
		<wp:postmeta>
			<wp:meta_key><![CDATA[_edit_last]]></wp:meta_key>
			<wp:meta_value><![CDATA[1]]></wp:meta_value>
		</wp:postmeta>
		<wp:postmeta>
			<wp:meta_key><![CDATA[_wp_page_template]]></wp:meta_key>
			<wp:meta_value><![CDATA[default]]></wp:meta_value>
		</wp:postmeta>
		<wp:postmeta>
			<wp:meta_key><![CDATA[_hgr_megafooterID]]></wp:meta_key>
			<wp:meta_value><![CDATA[]]></wp:meta_value>
		</wp:postmeta>
		<wp:postmeta>
			<wp:meta_key><![CDATA[slide_template]]></wp:meta_key>
			<wp:meta_value><![CDATA[default]]></wp:meta_value>
		</wp:postmeta>
		<wp:postmeta>
			<wp:meta_key><![CDATA[eg_sources_html5_mp4]]></wp:meta_key>
			<wp:meta_value><![CDATA[]]></wp:meta_value>
		</wp:postmeta>
		<wp:postmeta>
			<wp:meta_key><![CDATA[eg_sources_html5_ogv]]></wp:meta_key>
			<wp:meta_value><![CDATA[]]></wp:meta_value>
		</wp:postmeta>
		<wp:postmeta>
			<wp:meta_key><![CDATA[eg_sources_html5_webm]]></wp:meta_key>
			<wp:meta_value><![CDATA[]]></wp:meta_value>
		</wp:postmeta>
		<wp:postmeta>
			<wp:meta_key><![CDATA[eg_sources_youtube]]></wp:meta_key>
			<wp:meta_value><![CDATA[]]></wp:meta_value>
		</wp:postmeta>
		<wp:postmeta>
			<wp:meta_key><![CDATA[eg_sources_vimeo]]></wp:meta_key>
			<wp:meta_value><![CDATA[]]></wp:meta_value>
		</wp:postmeta>
		<wp:postmeta>
			<wp:meta_key><![CDATA[eg_sources_wistia]]></wp:meta_key>
			<wp:meta_value><![CDATA[]]></wp:meta_value>
		</wp:postmeta>
		<wp:postmeta>
			<wp:meta_key><![CDATA[eg_sources_image]]></wp:meta_key>
			<wp:meta_value><![CDATA[]]></wp:meta_value>
		</wp:postmeta>
		<wp:postmeta>
			<wp:meta_key><![CDATA[eg_sources_iframe]]></wp:meta_key>
			<wp:meta_value><![CDATA[]]></wp:meta_value>
		</wp:postmeta>
		<wp:postmeta>
			<wp:meta_key><![CDATA[eg_sources_soundcloud]]></wp:meta_key>
			<wp:meta_value><![CDATA[]]></wp:meta_value>
		</wp:postmeta>
		<wp:postmeta>
			<wp:meta_key><![CDATA[eg_vimeo_ratio]]></wp:meta_key>
			<wp:meta_value><![CDATA[0]]></wp:meta_value>
		</wp:postmeta>
		<wp:postmeta>
			<wp:meta_key><![CDATA[eg_youtube_ratio]]></wp:meta_key>
			<wp:meta_value><![CDATA[0]]></wp:meta_value>
		</wp:postmeta>
		<wp:postmeta>
			<wp:meta_key><![CDATA[eg_wistia_ratio]]></wp:meta_key>
			<wp:meta_value><![CDATA[0]]></wp:meta_value>
		</wp:postmeta>
		<wp:postmeta>
			<wp:meta_key><![CDATA[eg_html5_ratio]]></wp:meta_key>
			<wp:meta_value><![CDATA[0]]></wp:meta_value>
		</wp:postmeta>
		<wp:postmeta>
			<wp:meta_key><![CDATA[eg_soundcloud_ratio]]></wp:meta_key>
			<wp:meta_value><![CDATA[0]]></wp:meta_value>
		</wp:postmeta>
		<wp:postmeta>
			<wp:meta_key><![CDATA[eg_settings_custom_meta_skin]]></wp:meta_key>
			<wp:meta_value><![CDATA[]]></wp:meta_value>
		</wp:postmeta>
		<wp:postmeta>
			<wp:meta_key><![CDATA[eg_settings_custom_meta_element]]></wp:meta_key>
			<wp:meta_value><![CDATA[]]></wp:meta_value>
		</wp:postmeta>
		<wp:postmeta>
			<wp:meta_key><![CDATA[eg_settings_custom_meta_setting]]></wp:meta_key>
			<wp:meta_value><![CDATA[]]></wp:meta_value>
		</wp:postmeta>
		<wp:postmeta>
			<wp:meta_key><![CDATA[eg_settings_custom_meta_style]]></wp:meta_key>
			<wp:meta_value><![CDATA[]]></wp:meta_value>
		</wp:postmeta>
		<wp:postmeta>
			<wp:meta_key><![CDATA[_hgr_page_color_scheme]]></wp:meta_key>
			<wp:meta_value><![CDATA[dark_scheme]]></wp:meta_value>
		</wp:postmeta>
		<wp:postmeta>
			<wp:meta_key><![CDATA[_wpb_vc_js_status]]></wp:meta_key>
			<wp:meta_value><![CDATA[true]]></wp:meta_value>
		</wp:postmeta>
		<wp:postmeta>
			<wp:meta_key><![CDATA[_wpb_shortcodes_custom_css]]></wp:meta_key>
			<wp:meta_value><![CDATA[.vc_custom_1488565031017{padding-bottom: 20px !important;}.vc_custom_1488808104957{margin-top: -30px !important;}.vc_custom_1488808111114{margin-top: -20px !important;padding-bottom: 20px !important;}.vc_custom_1488808090714{margin-top: -30px !important;}.vc_custom_1488808096636{margin-top: -20px !important;margin-bottom: 0px !important;padding-bottom: 20px !important;}.vc_custom_1488808017767{margin-top: -30px !important;}.vc_custom_1488564218920{margin-top: -20px !important;padding-bottom: 20px !important;}.vc_custom_1488808027049{margin-top: -30px !important;}.vc_custom_1488564237014{margin-top: -20px !important;margin-bottom: 0px !important;padding-bottom: 20px !important;}.vc_custom_1487198342803{padding-top: 50px !important;padding-bottom: 20px !important;}.vc_custom_1488547948214{margin-top: -20px !important;padding-left: 15px !important;}.vc_custom_1488551435491{margin-top: -20px !important;padding-left: 15px !important;}.vc_custom_1488547953792{margin-top: -20px !important;padding-left: 15px !important;}.vc_custom_1488547687464{margin-top: -20px !important;padding-left: 15px !important;}.vc_custom_1488547960555{margin-top: -20px !important;padding-left: 15px !important;}.vc_custom_1488551461881{margin-top: -20px !important;padding-left: 15px !important;}]]></wp:meta_value>
		</wp:postmeta>
	</item>
	<item>
		<title>Pricing (Parallax Landing Page)</title>
		<link>http://highgradelab.com/upshot/parallax-landing-page-demo/home/pricing-parallax-landing-page/</link>
		<pubDate>Fri, 03 Mar 2017 13:53:36 +0000</pubDate>
		<dc:creator><![CDATA[admin]]></dc:creator>
		<guid isPermaLink="false">http://highgradelab.com/upshot/parallax-landing-page-demo/?page_id=41</guid>
		<description></description>
		<content:encoded><![CDATA[[vc_row full_width="stretch_row" full_height="yes" equal_height="yes" content_placement="middle" parallax="content-moving" parallax_image="79" css=".vc_custom_1488551238213{background-color: #21af91 !important;background-position: center;background-repeat: no-repeat !important;background-size: cover !important;}" el_id="pricing"][vc_column width="1/3" css=".vc_custom_1486650649882{background-position: center !important;background-repeat: no-repeat !important;background-size: cover !important;}"][vc_column_text css_animation="left-to-right"]
<h2>The parallax scrolling effect is a nice effect to have on your website. Configure it easily with Upshot.</h2>
[/vc_column_text][vc_btn title="DISCOVER UPSHOT" style="outline-custom" outline_custom_color="#ffffff" outline_custom_hover_background="#010101" outline_custom_hover_text="#ffffff" shape="square" align="left" css_animation="left-to-right"][/vc_column][vc_column width="2/3"][vc_row_inner content_placement="middle" gap="20" css=".vc_custom_1487246646909{padding-bottom: 40px !important;}"][vc_column_inner width="1/3" css=".vc_custom_1487244464027{border-top-width: 1px !important;border-right-width: 1px !important;border-bottom-width: 1px !important;border-left-width: 1px !important;border-left-color: #ffffff !important;border-left-style: solid !important;border-right-color: #ffffff !important;border-right-style: solid !important;border-top-color: #ffffff !important;border-top-style: solid !important;border-bottom-color: #ffffff !important;border-bottom-style: solid !important;}"][vc_icon icon_fontawesome="fa fa-film" color="custom" size="lg" align="center" css_animation="left-to-right" custom_color="#ffffff"][vc_column_text css_animation="left-to-right" css=".vc_custom_1488548908817{margin-top: -10px !important;}"]
<h4 style="text-align: center;"><span style="color: #ffffff;">UI Design</span></h4>
[/vc_column_text][vc_separator color="custom" border_width="3" el_width="30" css_animation="left-to-right" accent_color="#ffffff" css=".vc_custom_1488548902660{margin-top: -21px !important;}"][vc_column_text css_animation="left-to-right" css=".vc_custom_1488548896994{margin-top: -15px !important;}"]
<p style="text-align: center;"><span style="color: #ffffff;">Files:</span></p>
[/vc_column_text][vc_column_text css_animation="left-to-right" css=".vc_custom_1488548891342{margin-top: -15px !important;}"]
<p style="text-align: center;"><span style="color: #ffffff;">.PSD, AI, .PDF, .PTTX</span>
<span style="color: #ffffff;">Licensed for 2 projects</span></p>
[/vc_column_text][vc_column_text css_animation="left-to-right" css=".vc_custom_1488548935038{margin-right: -15px !important;margin-left: -15px !important;border-top-width: 1px !important;padding-top: 30px !important;border-top-color: #cccccc !important;border-top-style: solid !important;}"]
<h4 style="text-align: center;"><span style="color: #ffffff;">$100</span></h4>
[/vc_column_text][/vc_column_inner][vc_column_inner width="1/3" css=".vc_custom_1487244533595{border-top-width: 1px !important;border-right-width: 1px !important;border-bottom-width: 1px !important;border-left-width: 1px !important;border-left-color: #ffffff !important;border-left-style: solid !important;border-right-color: #ffffff !important;border-right-style: solid !important;border-top-color: #ffffff !important;border-top-style: solid !important;border-bottom-color: #ffffff !important;border-bottom-style: solid !important;}"][vc_icon icon_fontawesome="fa fa-road" color="custom" size="lg" align="center" css_animation="left-to-right" custom_color="#ffffff"][vc_column_text css_animation="left-to-right" css=".vc_custom_1488548979026{margin-top: -10px !important;}"]
<h4 style="text-align: center;"><span style="color: #ffffff;">UX Design</span></h4>
[/vc_column_text][vc_separator color="custom" border_width="3" el_width="30" css_animation="left-to-right" accent_color="#ffffff" css=".vc_custom_1488549002081{margin-top: -21px !important;}"][vc_column_text css_animation="right-to-left" css=".vc_custom_1488549019930{margin-top: -15px !important;}"]
<p style="text-align: center;"><span style="color: #ffffff;">Files:</span></p>
[/vc_column_text][vc_column_text css_animation="right-to-left" css=".vc_custom_1488549037162{margin-top: -15px !important;}"]
<p style="text-align: center;"><span style="color: #ffffff;">.PSD, AI, .PDF, .PTTX</span>
<span style="color: #ffffff;">Licensed for 3 projects</span></p>
[/vc_column_text][vc_column_text css_animation="right-to-left" css=".vc_custom_1488549051666{margin-right: -15px !important;margin-left: -15px !important;border-top-width: 1px !important;padding-top: 30px !important;border-top-color: #cccccc !important;border-top-style: solid !important;}"]
<h4 style="text-align: center;"><span style="color: #ffffff;">$200</span></h4>
[/vc_column_text][/vc_column_inner][vc_column_inner width="1/3" css=".vc_custom_1487244495102{border-top-width: 1px !important;border-right-width: 1px !important;border-bottom-width: 1px !important;border-left-width: 1px !important;border-left-color: #ffffff !important;border-left-style: solid !important;border-right-color: #ffffff !important;border-right-style: solid !important;border-top-color: #ffffff !important;border-top-style: solid !important;border-bottom-color: #ffffff !important;border-bottom-style: solid !important;}"][vc_icon icon_fontawesome="fa fa-pencil-square-o" color="custom" size="lg" align="center" css_animation="right-to-left" custom_color="#ffffff"][vc_column_text css_animation="right-to-left" css=".vc_custom_1488549129326{margin-top: -10px !important;}"]
<h4 style="text-align: center;"><span style="color: #ffffff;">graphic design</span></h4>
[/vc_column_text][vc_separator color="custom" border_width="3" el_width="30" css_animation="right-to-left" accent_color="#ffffff" css=".vc_custom_1488549147696{margin-top: -21px !important;}"][vc_column_text css_animation="right-to-left" css=".vc_custom_1488549164216{margin-top: -15px !important;}"]
<p style="text-align: center;"><span style="color: #ffffff;">Files:</span></p>
[/vc_column_text][vc_column_text css_animation="right-to-left" css=".vc_custom_1488549180829{margin-top: -15px !important;}"]
<p style="text-align: center;"><span style="color: #ffffff;">.PSD, AI, .PDF, .PTTX</span>
<span style="color: #ffffff;">Licensed for 4 projects</span></p>
[/vc_column_text][vc_column_text css_animation="right-to-left" css=".vc_custom_1488549199640{margin-right: -15px !important;margin-left: -15px !important;border-top-width: 1px !important;padding-top: 30px !important;border-top-color: #cccccc !important;border-top-style: solid !important;}"]
<h4 style="text-align: center;"><span style="color: #ffffff;">$300</span></h4>
[/vc_column_text][/vc_column_inner][/vc_row_inner][/vc_column][/vc_row]]]></content:encoded>
		<excerpt:encoded><![CDATA[]]></excerpt:encoded>
		<wp:post_id>41</wp:post_id>
		<wp:post_date><![CDATA[2017-03-03 13:53:36]]></wp:post_date>
		<wp:post_date_gmt><![CDATA[2017-03-03 13:53:36]]></wp:post_date_gmt>
		<wp:comment_status><![CDATA[closed]]></wp:comment_status>
		<wp:ping_status><![CDATA[closed]]></wp:ping_status>
		<wp:post_name><![CDATA[pricing-parallax-landing-page]]></wp:post_name>
		<wp:status><![CDATA[publish]]></wp:status>
		<wp:post_parent>7</wp:post_parent>
		<wp:menu_order>40</wp:menu_order>
		<wp:post_type><![CDATA[page]]></wp:post_type>
		<wp:post_password><![CDATA[]]></wp:post_password>
		<wp:is_sticky>0</wp:is_sticky>
		<wp:postmeta>
			<wp:meta_key><![CDATA[_vc_post_settings]]></wp:meta_key>
			<wp:meta_value><![CDATA[a:1:{s:10:"vc_grid_id";a:0:{}}]]></wp:meta_value>
		</wp:postmeta>
		<wp:postmeta>
			<wp:meta_key><![CDATA[_edit_last]]></wp:meta_key>
			<wp:meta_value><![CDATA[1]]></wp:meta_value>
		</wp:postmeta>
		<wp:postmeta>
			<wp:meta_key><![CDATA[_wp_page_template]]></wp:meta_key>
			<wp:meta_value><![CDATA[default]]></wp:meta_value>
		</wp:postmeta>
		<wp:postmeta>
			<wp:meta_key><![CDATA[_hgr_megafooterID]]></wp:meta_key>
			<wp:meta_value><![CDATA[]]></wp:meta_value>
		</wp:postmeta>
		<wp:postmeta>
			<wp:meta_key><![CDATA[slide_template]]></wp:meta_key>
			<wp:meta_value><![CDATA[default]]></wp:meta_value>
		</wp:postmeta>
		<wp:postmeta>
			<wp:meta_key><![CDATA[eg_sources_html5_mp4]]></wp:meta_key>
			<wp:meta_value><![CDATA[]]></wp:meta_value>
		</wp:postmeta>
		<wp:postmeta>
			<wp:meta_key><![CDATA[eg_sources_html5_ogv]]></wp:meta_key>
			<wp:meta_value><![CDATA[]]></wp:meta_value>
		</wp:postmeta>
		<wp:postmeta>
			<wp:meta_key><![CDATA[eg_sources_html5_webm]]></wp:meta_key>
			<wp:meta_value><![CDATA[]]></wp:meta_value>
		</wp:postmeta>
		<wp:postmeta>
			<wp:meta_key><![CDATA[eg_sources_youtube]]></wp:meta_key>
			<wp:meta_value><![CDATA[]]></wp:meta_value>
		</wp:postmeta>
		<wp:postmeta>
			<wp:meta_key><![CDATA[eg_sources_vimeo]]></wp:meta_key>
			<wp:meta_value><![CDATA[]]></wp:meta_value>
		</wp:postmeta>
		<wp:postmeta>
			<wp:meta_key><![CDATA[eg_sources_wistia]]></wp:meta_key>
			<wp:meta_value><![CDATA[]]></wp:meta_value>
		</wp:postmeta>
		<wp:postmeta>
			<wp:meta_key><![CDATA[eg_sources_image]]></wp:meta_key>
			<wp:meta_value><![CDATA[]]></wp:meta_value>
		</wp:postmeta>
		<wp:postmeta>
			<wp:meta_key><![CDATA[eg_sources_iframe]]></wp:meta_key>
			<wp:meta_value><![CDATA[]]></wp:meta_value>
		</wp:postmeta>
		<wp:postmeta>
			<wp:meta_key><![CDATA[eg_sources_soundcloud]]></wp:meta_key>
			<wp:meta_value><![CDATA[]]></wp:meta_value>
		</wp:postmeta>
		<wp:postmeta>
			<wp:meta_key><![CDATA[eg_vimeo_ratio]]></wp:meta_key>
			<wp:meta_value><![CDATA[0]]></wp:meta_value>
		</wp:postmeta>
		<wp:postmeta>
			<wp:meta_key><![CDATA[eg_youtube_ratio]]></wp:meta_key>
			<wp:meta_value><![CDATA[0]]></wp:meta_value>
		</wp:postmeta>
		<wp:postmeta>
			<wp:meta_key><![CDATA[eg_wistia_ratio]]></wp:meta_key>
			<wp:meta_value><![CDATA[0]]></wp:meta_value>
		</wp:postmeta>
		<wp:postmeta>
			<wp:meta_key><![CDATA[eg_html5_ratio]]></wp:meta_key>
			<wp:meta_value><![CDATA[0]]></wp:meta_value>
		</wp:postmeta>
		<wp:postmeta>
			<wp:meta_key><![CDATA[eg_soundcloud_ratio]]></wp:meta_key>
			<wp:meta_value><![CDATA[0]]></wp:meta_value>
		</wp:postmeta>
		<wp:postmeta>
			<wp:meta_key><![CDATA[eg_settings_custom_meta_skin]]></wp:meta_key>
			<wp:meta_value><![CDATA[]]></wp:meta_value>
		</wp:postmeta>
		<wp:postmeta>
			<wp:meta_key><![CDATA[eg_settings_custom_meta_element]]></wp:meta_key>
			<wp:meta_value><![CDATA[]]></wp:meta_value>
		</wp:postmeta>
		<wp:postmeta>
			<wp:meta_key><![CDATA[eg_settings_custom_meta_setting]]></wp:meta_key>
			<wp:meta_value><![CDATA[]]></wp:meta_value>
		</wp:postmeta>
		<wp:postmeta>
			<wp:meta_key><![CDATA[eg_settings_custom_meta_style]]></wp:meta_key>
			<wp:meta_value><![CDATA[]]></wp:meta_value>
		</wp:postmeta>
		<wp:postmeta>
			<wp:meta_key><![CDATA[_hgr_page_color_scheme]]></wp:meta_key>
			<wp:meta_value><![CDATA[dark_scheme]]></wp:meta_value>
		</wp:postmeta>
		<wp:postmeta>
			<wp:meta_key><![CDATA[_wpb_vc_js_status]]></wp:meta_key>
			<wp:meta_value><![CDATA[true]]></wp:meta_value>
		</wp:postmeta>
		<wp:postmeta>
			<wp:meta_key><![CDATA[_wpb_shortcodes_custom_css]]></wp:meta_key>
			<wp:meta_value><![CDATA[.vc_custom_1488551238213{background-color: #21af91 !important;background-position: center;background-repeat: no-repeat !important;background-size: cover !important;}.vc_custom_1486650649882{background-position: center !important;background-repeat: no-repeat !important;background-size: cover !important;}.vc_custom_1487246646909{padding-bottom: 40px !important;}.vc_custom_1487244464027{border-top-width: 1px !important;border-right-width: 1px !important;border-bottom-width: 1px !important;border-left-width: 1px !important;border-left-color: #ffffff !important;border-left-style: solid !important;border-right-color: #ffffff !important;border-right-style: solid !important;border-top-color: #ffffff !important;border-top-style: solid !important;border-bottom-color: #ffffff !important;border-bottom-style: solid !important;}.vc_custom_1487244533595{border-top-width: 1px !important;border-right-width: 1px !important;border-bottom-width: 1px !important;border-left-width: 1px !important;border-left-color: #ffffff !important;border-left-style: solid !important;border-right-color: #ffffff !important;border-right-style: solid !important;border-top-color: #ffffff !important;border-top-style: solid !important;border-bottom-color: #ffffff !important;border-bottom-style: solid !important;}.vc_custom_1487244495102{border-top-width: 1px !important;border-right-width: 1px !important;border-bottom-width: 1px !important;border-left-width: 1px !important;border-left-color: #ffffff !important;border-left-style: solid !important;border-right-color: #ffffff !important;border-right-style: solid !important;border-top-color: #ffffff !important;border-top-style: solid !important;border-bottom-color: #ffffff !important;border-bottom-style: solid !important;}.vc_custom_1488548908817{margin-top: -10px !important;}.vc_custom_1488548902660{margin-top: -21px !important;}.vc_custom_1488548896994{margin-top: -15px !important;}.vc_custom_1488548891342{margin-top: -15px !important;}.vc_custom_1488548935038{margin-right: -15px !important;margin-left: -15px !important;border-top-width: 1px !important;padding-top: 30px !important;border-top-color: #cccccc !important;border-top-style: solid !important;}.vc_custom_1488548979026{margin-top: -10px !important;}.vc_custom_1488549002081{margin-top: -21px !important;}.vc_custom_1488549019930{margin-top: -15px !important;}.vc_custom_1488549037162{margin-top: -15px !important;}.vc_custom_1488549051666{margin-right: -15px !important;margin-left: -15px !important;border-top-width: 1px !important;padding-top: 30px !important;border-top-color: #cccccc !important;border-top-style: solid !important;}.vc_custom_1488549129326{margin-top: -10px !important;}.vc_custom_1488549147696{margin-top: -21px !important;}.vc_custom_1488549164216{margin-top: -15px !important;}.vc_custom_1488549180829{margin-top: -15px !important;}.vc_custom_1488549199640{margin-right: -15px !important;margin-left: -15px !important;border-top-width: 1px !important;padding-top: 30px !important;border-top-color: #cccccc !important;border-top-style: solid !important;}]]></wp:meta_value>
		</wp:postmeta>
	</item>
	<item>
		<title>Default-footer</title>
		<link>http://highgradelab.com/upshot/parallax-landing-page-demo/mega_footer/default-footer/</link>
		<pubDate>Fri, 03 Mar 2017 13:56:14 +0000</pubDate>
		<dc:creator><![CDATA[admin]]></dc:creator>
		<guid isPermaLink="false">http://highgradelab.com/upshot/parallax-landing-page-demo/?post_type=hgr_megafooter&#038;p=44</guid>
		<description></description>
		<content:encoded><![CDATA[[vc_section full_width="stretch_row" full_height="yes" content_placement="bottom" parallax="content-moving" parallax_image="57"][vc_row css=".vc_custom_1487245715428{background-position: center !important;background-repeat: no-repeat !important;background-size: cover !important;}"][vc_column width="1/2" css=".vc_custom_1486650649882{background-position: center !important;background-repeat: no-repeat !important;background-size: cover !important;}"][vc_column_text css_animation="none"]
<h4>Upshot<i> </i>is a flexible multi-purpose theme for every business and creative professionals. A great collection of 15 homepages, researched and developed for the most popular business. You can use One Click Import.</h4>
[/vc_column_text][/vc_column][vc_column width="1/2"][/vc_column][/vc_row][vc_row][vc_column width="1/6"][vc_column_text]
<h4><span style="color: #21af91;"><a style="color: #21af91;" href="#">INSTAGRAM</a></span></h4>
[/vc_column_text][/vc_column][vc_column width="1/6"][vc_column_text]
<h4><span style="color: #21af91;"><a style="color: #21af91;" href="#">FACEBOOK</a></span></h4>
[/vc_column_text][/vc_column][vc_column width="1/6"][vc_column_text]
<h4><span style="color: #21af91;"><a style="color: #21af91;" href="#">SOUNDCLOUD</a></span></h4>
[/vc_column_text][/vc_column][vc_column width="1/6"][/vc_column][vc_column width="1/6"][/vc_column][vc_column width="1/6"][/vc_column][/vc_row][vc_row css=".vc_custom_1487246274064{padding-bottom: 20px !important;}"][vc_column width="1/3"][vc_column_text css_animation="none" css=".vc_custom_1487246099922{padding-top: 15px !important;}"]
<h4 style="text-align: left;">Wasington</h4>
[/vc_column_text][vc_column_text css_animation="none" css=".vc_custom_1487246201757{margin-top: -35px !important;padding-top: 10px !important;}"]
<p style="text-align: left;"><span style="color: #ffffff;">51 Brandywine Drive</span>
<span style="color: #ffffff;">Ridgecrest, CA 93555</span>
<span style="color: #ffffff;">+1-202-555-0170</span></p>
[/vc_column_text][/vc_column][vc_column width="1/3"][vc_column_text css_animation="none" css=".vc_custom_1487246150377{padding-top: 15px !important;}"]
<h4 style="text-align: left;">New York</h4>
[/vc_column_text][vc_column_text css_animation="none" css=".vc_custom_1487246207067{margin-top: -35px !important;padding-top: 10px !important;}"]
<p style="text-align: left;"><span style="color: #ffffff;">51 Brandywine Drive</span>
<span style="color: #ffffff;">Ridgecrest, CA 93555</span>
<span style="color: #ffffff;">+1-202-555-0170</span></p>
[/vc_column_text][/vc_column][vc_column width="1/3"][vc_column_text css_animation="none" css=".vc_custom_1487246112659{padding-top: 15px !important;}"]
<h4 style="text-align: left;">Los Angeles</h4>
[/vc_column_text][vc_column_text css_animation="none" css=".vc_custom_1487246215792{margin-top: -35px !important;padding-top: 10px !important;}"]
<p style="text-align: left;"><span style="color: #ffffff;">51 Brandywine Drive</span>
<span style="color: #ffffff;">Ridgecrest, CA 93555</span>
<span style="color: #ffffff;">+1-202-555-0170</span></p>
[/vc_column_text][/vc_column][/vc_row][/vc_section]]]></content:encoded>
		<excerpt:encoded><![CDATA[]]></excerpt:encoded>
		<wp:post_id>44</wp:post_id>
		<wp:post_date><![CDATA[2017-03-03 13:56:14]]></wp:post_date>
		<wp:post_date_gmt><![CDATA[2017-03-03 13:56:14]]></wp:post_date_gmt>
		<wp:comment_status><![CDATA[closed]]></wp:comment_status>
		<wp:ping_status><![CDATA[closed]]></wp:ping_status>
		<wp:post_name><![CDATA[default-footer]]></wp:post_name>
		<wp:status><![CDATA[publish]]></wp:status>
		<wp:post_parent>0</wp:post_parent>
		<wp:menu_order>0</wp:menu_order>
		<wp:post_type><![CDATA[hgr_megafooter]]></wp:post_type>
		<wp:post_password><![CDATA[]]></wp:post_password>
		<wp:is_sticky>0</wp:is_sticky>
		<wp:postmeta>
			<wp:meta_key><![CDATA[_vc_post_settings]]></wp:meta_key>
			<wp:meta_value><![CDATA[a:1:{s:10:"vc_grid_id";a:0:{}}]]></wp:meta_value>
		</wp:postmeta>
		<wp:postmeta>
			<wp:meta_key><![CDATA[_edit_last]]></wp:meta_key>
			<wp:meta_value><![CDATA[1]]></wp:meta_value>
		</wp:postmeta>
		<wp:postmeta>
			<wp:meta_key><![CDATA[slide_template]]></wp:meta_key>
			<wp:meta_value><![CDATA[]]></wp:meta_value>
		</wp:postmeta>
		<wp:postmeta>
			<wp:meta_key><![CDATA[_hgr_page_color_scheme]]></wp:meta_key>
			<wp:meta_value><![CDATA[dark_scheme]]></wp:meta_value>
		</wp:postmeta>
		<wp:postmeta>
			<wp:meta_key><![CDATA[_wpb_vc_js_status]]></wp:meta_key>
			<wp:meta_value><![CDATA[true]]></wp:meta_value>
		</wp:postmeta>
		<wp:postmeta>
			<wp:meta_key><![CDATA[_wpb_shortcodes_custom_css]]></wp:meta_key>
			<wp:meta_value><![CDATA[.vc_custom_1487245715428{background-position: center !important;background-repeat: no-repeat !important;background-size: cover !important;}.vc_custom_1487246274064{padding-bottom: 20px !important;}.vc_custom_1486650649882{background-position: center !important;background-repeat: no-repeat !important;background-size: cover !important;}.vc_custom_1487246099922{padding-top: 15px !important;}.vc_custom_1487246201757{margin-top: -35px !important;padding-top: 10px !important;}.vc_custom_1487246150377{padding-top: 15px !important;}.vc_custom_1487246207067{margin-top: -35px !important;padding-top: 10px !important;}.vc_custom_1487246112659{padding-top: 15px !important;}.vc_custom_1487246215792{margin-top: -35px !important;padding-top: 10px !important;}]]></wp:meta_value>
		</wp:postmeta>
	</item>
	<item>
		<title>footer</title>
		<link>http://highgradelab.com/upshot/parallax-landing-page-demo/footer/</link>
		<pubDate>Fri, 03 Mar 2017 14:17:57 +0000</pubDate>
		<dc:creator><![CDATA[admin]]></dc:creator>
		<guid isPermaLink="false">http://highgradelab.com/upshot/parallax-landing-page-demo/wp-content/uploads/sites/14/2017/03/footer.jpg</guid>
		<description></description>
		<content:encoded><![CDATA[]]></content:encoded>
		<excerpt:encoded><![CDATA[]]></excerpt:encoded>
		<wp:post_id>57</wp:post_id>
		<wp:post_date><![CDATA[2017-03-03 14:17:57]]></wp:post_date>
		<wp:post_date_gmt><![CDATA[2017-03-03 14:17:57]]></wp:post_date_gmt>
		<wp:comment_status><![CDATA[open]]></wp:comment_status>
		<wp:ping_status><![CDATA[closed]]></wp:ping_status>
		<wp:post_name><![CDATA[footer]]></wp:post_name>
		<wp:status><![CDATA[inherit]]></wp:status>
		<wp:post_parent>0</wp:post_parent>
		<wp:menu_order>0</wp:menu_order>
		<wp:post_type><![CDATA[attachment]]></wp:post_type>
		<wp:post_password><![CDATA[]]></wp:post_password>
		<wp:is_sticky>0</wp:is_sticky>
		<wp:attachment_url><![CDATA[http://highgradelab.com/upshot/parallax-landing-page-demo/wp-content/uploads/sites/14/2017/03/footer.jpg]]></wp:attachment_url>
		<wp:postmeta>
			<wp:meta_key><![CDATA[_wp_attached_file]]></wp:meta_key>
			<wp:meta_value><![CDATA[2017/03/footer.jpg]]></wp:meta_value>
		</wp:postmeta>
		<wp:postmeta>
			<wp:meta_key><![CDATA[_wp_attachment_metadata]]></wp:meta_key>
			<wp:meta_value><![CDATA[a:5:{s:5:"width";i:1920;s:6:"height";i:1280;s:4:"file";s:18:"2017/03/footer.jpg";s:5:"sizes";a:7:{s:9:"thumbnail";a:4:{s:4:"file";s:18:"footer-150x150.jpg";s:5:"width";i:150;s:6:"height";i:150;s:9:"mime-type";s:10:"image/jpeg";}s:6:"medium";a:4:{s:4:"file";s:18:"footer-300x200.jpg";s:5:"width";i:300;s:6:"height";i:200;s:9:"mime-type";s:10:"image/jpeg";}s:12:"medium_large";a:4:{s:4:"file";s:18:"footer-768x512.jpg";s:5:"width";i:768;s:6:"height";i:512;s:9:"mime-type";s:10:"image/jpeg";}s:5:"large";a:4:{s:4:"file";s:19:"footer-1024x683.jpg";s:5:"width";i:1024;s:6:"height";i:683;s:9:"mime-type";s:10:"image/jpeg";}s:14:"shop_thumbnail";a:4:{s:4:"file";s:18:"footer-180x180.jpg";s:5:"width";i:180;s:6:"height";i:180;s:9:"mime-type";s:10:"image/jpeg";}s:12:"shop_catalog";a:4:{s:4:"file";s:18:"footer-300x300.jpg";s:5:"width";i:300;s:6:"height";i:300;s:9:"mime-type";s:10:"image/jpeg";}s:11:"shop_single";a:4:{s:4:"file";s:18:"footer-600x600.jpg";s:5:"width";i:600;s:6:"height";i:600;s:9:"mime-type";s:10:"image/jpeg";}}s:10:"image_meta";a:12:{s:8:"aperture";s:1:"0";s:6:"credit";s:0:"";s:6:"camera";s:0:"";s:7:"caption";s:0:"";s:17:"created_timestamp";s:1:"0";s:9:"copyright";s:0:"";s:12:"focal_length";s:1:"0";s:3:"iso";s:1:"0";s:13:"shutter_speed";s:1:"0";s:5:"title";s:0:"";s:11:"orientation";s:1:"0";s:8:"keywords";a:0:{}}}]]></wp:meta_value>
		</wp:postmeta>
	</item>
	<item>
		<title>HOME</title>
		<link>http://highgradelab.com/upshot/parallax-landing-page-demo/2017/03/03/home/</link>
		<pubDate>Fri, 03 Mar 2017 14:24:01 +0000</pubDate>
		<dc:creator><![CDATA[admin]]></dc:creator>
		<guid isPermaLink="false">http://highgradelab.com/upshot/parallax-landing-page-demo/?p=58</guid>
		<description></description>
		<content:encoded><![CDATA[]]></content:encoded>
		<excerpt:encoded><![CDATA[]]></excerpt:encoded>
		<wp:post_id>58</wp:post_id>
		<wp:post_date><![CDATA[2017-03-03 14:24:01]]></wp:post_date>
		<wp:post_date_gmt><![CDATA[2017-03-03 14:24:01]]></wp:post_date_gmt>
		<wp:comment_status><![CDATA[closed]]></wp:comment_status>
		<wp:ping_status><![CDATA[closed]]></wp:ping_status>
		<wp:post_name><![CDATA[home]]></wp:post_name>
		<wp:status><![CDATA[publish]]></wp:status>
		<wp:post_parent>0</wp:post_parent>
		<wp:menu_order>1</wp:menu_order>
		<wp:post_type><![CDATA[nav_menu_item]]></wp:post_type>
		<wp:post_password><![CDATA[]]></wp:post_password>
		<wp:is_sticky>0</wp:is_sticky>
		<category domain="nav_menu" nicename="main-menu"><![CDATA[Main Menu]]></category>
		<wp:postmeta>
			<wp:meta_key><![CDATA[_menu_item_type]]></wp:meta_key>
			<wp:meta_value><![CDATA[custom]]></wp:meta_value>
		</wp:postmeta>
		<wp:postmeta>
			<wp:meta_key><![CDATA[_menu_item_menu_item_parent]]></wp:meta_key>
			<wp:meta_value><![CDATA[0]]></wp:meta_value>
		</wp:postmeta>
		<wp:postmeta>
			<wp:meta_key><![CDATA[_menu_item_object_id]]></wp:meta_key>
			<wp:meta_value><![CDATA[58]]></wp:meta_value>
		</wp:postmeta>
		<wp:postmeta>
			<wp:meta_key><![CDATA[_menu_item_url]]></wp:meta_key>
			<wp:meta_value><![CDATA[#home]]></wp:meta_value>
		</wp:postmeta>
		<wp:postmeta>
			<wp:meta_key><![CDATA[_menu_item_classes]]></wp:meta_key>
			<wp:meta_value><![CDATA[a:1:{i:0;s:0:"";}]]></wp:meta_value>
		</wp:postmeta>
		<wp:postmeta>
			<wp:meta_key><![CDATA[_menu_item_xfn]]></wp:meta_key>
			<wp:meta_value><![CDATA[]]></wp:meta_value>
		</wp:postmeta>
		<wp:postmeta>
			<wp:meta_key><![CDATA[_menu_item_object]]></wp:meta_key>
			<wp:meta_value><![CDATA[custom]]></wp:meta_value>
		</wp:postmeta>
		<wp:postmeta>
			<wp:meta_key><![CDATA[_menu_item_target]]></wp:meta_key>
			<wp:meta_value><![CDATA[]]></wp:meta_value>
		</wp:postmeta>
		<wp:postmeta>
			<wp:meta_key><![CDATA[_vc_post_settings]]></wp:meta_key>
			<wp:meta_value><![CDATA[a:1:{s:10:"vc_grid_id";a:0:{}}]]></wp:meta_value>
		</wp:postmeta>
	</item>
	<item>
		<title>ABOUT US</title>
		<link>http://highgradelab.com/upshot/parallax-landing-page-demo/2017/03/03/about-us/</link>
		<pubDate>Fri, 03 Mar 2017 14:24:01 +0000</pubDate>
		<dc:creator><![CDATA[admin]]></dc:creator>
		<guid isPermaLink="false">http://highgradelab.com/upshot/parallax-landing-page-demo/?p=59</guid>
		<description></description>
		<content:encoded><![CDATA[]]></content:encoded>
		<excerpt:encoded><![CDATA[]]></excerpt:encoded>
		<wp:post_id>59</wp:post_id>
		<wp:post_date><![CDATA[2017-03-03 14:24:01]]></wp:post_date>
		<wp:post_date_gmt><![CDATA[2017-03-03 14:24:01]]></wp:post_date_gmt>
		<wp:comment_status><![CDATA[closed]]></wp:comment_status>
		<wp:ping_status><![CDATA[closed]]></wp:ping_status>
		<wp:post_name><![CDATA[about-us]]></wp:post_name>
		<wp:status><![CDATA[publish]]></wp:status>
		<wp:post_parent>0</wp:post_parent>
		<wp:menu_order>2</wp:menu_order>
		<wp:post_type><![CDATA[nav_menu_item]]></wp:post_type>
		<wp:post_password><![CDATA[]]></wp:post_password>
		<wp:is_sticky>0</wp:is_sticky>
		<category domain="nav_menu" nicename="main-menu"><![CDATA[Main Menu]]></category>
		<wp:postmeta>
			<wp:meta_key><![CDATA[_vc_post_settings]]></wp:meta_key>
			<wp:meta_value><![CDATA[a:1:{s:10:"vc_grid_id";a:0:{}}]]></wp:meta_value>
		</wp:postmeta>
		<wp:postmeta>
			<wp:meta_key><![CDATA[_menu_item_type]]></wp:meta_key>
			<wp:meta_value><![CDATA[custom]]></wp:meta_value>
		</wp:postmeta>
		<wp:postmeta>
			<wp:meta_key><![CDATA[_menu_item_menu_item_parent]]></wp:meta_key>
			<wp:meta_value><![CDATA[0]]></wp:meta_value>
		</wp:postmeta>
		<wp:postmeta>
			<wp:meta_key><![CDATA[_menu_item_object_id]]></wp:meta_key>
			<wp:meta_value><![CDATA[59]]></wp:meta_value>
		</wp:postmeta>
		<wp:postmeta>
			<wp:meta_key><![CDATA[_menu_item_object]]></wp:meta_key>
			<wp:meta_value><![CDATA[custom]]></wp:meta_value>
		</wp:postmeta>
		<wp:postmeta>
			<wp:meta_key><![CDATA[_menu_item_target]]></wp:meta_key>
			<wp:meta_value><![CDATA[]]></wp:meta_value>
		</wp:postmeta>
		<wp:postmeta>
			<wp:meta_key><![CDATA[_menu_item_classes]]></wp:meta_key>
			<wp:meta_value><![CDATA[a:1:{i:0;s:0:"";}]]></wp:meta_value>
		</wp:postmeta>
		<wp:postmeta>
			<wp:meta_key><![CDATA[_menu_item_xfn]]></wp:meta_key>
			<wp:meta_value><![CDATA[]]></wp:meta_value>
		</wp:postmeta>
		<wp:postmeta>
			<wp:meta_key><![CDATA[_menu_item_url]]></wp:meta_key>
			<wp:meta_value><![CDATA[#about]]></wp:meta_value>
		</wp:postmeta>
	</item>
	<item>
		<title>SERVICES</title>
		<link>http://highgradelab.com/upshot/parallax-landing-page-demo/2017/03/03/services/</link>
		<pubDate>Fri, 03 Mar 2017 14:24:01 +0000</pubDate>
		<dc:creator><![CDATA[admin]]></dc:creator>
		<guid isPermaLink="false">http://highgradelab.com/upshot/parallax-landing-page-demo/?p=60</guid>
		<description></description>
		<content:encoded><![CDATA[]]></content:encoded>
		<excerpt:encoded><![CDATA[]]></excerpt:encoded>
		<wp:post_id>60</wp:post_id>
		<wp:post_date><![CDATA[2017-03-03 14:24:01]]></wp:post_date>
		<wp:post_date_gmt><![CDATA[2017-03-03 14:24:01]]></wp:post_date_gmt>
		<wp:comment_status><![CDATA[closed]]></wp:comment_status>
		<wp:ping_status><![CDATA[closed]]></wp:ping_status>
		<wp:post_name><![CDATA[services]]></wp:post_name>
		<wp:status><![CDATA[publish]]></wp:status>
		<wp:post_parent>0</wp:post_parent>
		<wp:menu_order>3</wp:menu_order>
		<wp:post_type><![CDATA[nav_menu_item]]></wp:post_type>
		<wp:post_password><![CDATA[]]></wp:post_password>
		<wp:is_sticky>0</wp:is_sticky>
		<category domain="nav_menu" nicename="main-menu"><![CDATA[Main Menu]]></category>
		<wp:postmeta>
			<wp:meta_key><![CDATA[_vc_post_settings]]></wp:meta_key>
			<wp:meta_value><![CDATA[a:1:{s:10:"vc_grid_id";a:0:{}}]]></wp:meta_value>
		</wp:postmeta>
		<wp:postmeta>
			<wp:meta_key><![CDATA[_menu_item_type]]></wp:meta_key>
			<wp:meta_value><![CDATA[custom]]></wp:meta_value>
		</wp:postmeta>
		<wp:postmeta>
			<wp:meta_key><![CDATA[_menu_item_menu_item_parent]]></wp:meta_key>
			<wp:meta_value><![CDATA[0]]></wp:meta_value>
		</wp:postmeta>
		<wp:postmeta>
			<wp:meta_key><![CDATA[_menu_item_object_id]]></wp:meta_key>
			<wp:meta_value><![CDATA[60]]></wp:meta_value>
		</wp:postmeta>
		<wp:postmeta>
			<wp:meta_key><![CDATA[_menu_item_object]]></wp:meta_key>
			<wp:meta_value><![CDATA[custom]]></wp:meta_value>
		</wp:postmeta>
		<wp:postmeta>
			<wp:meta_key><![CDATA[_menu_item_target]]></wp:meta_key>
			<wp:meta_value><![CDATA[]]></wp:meta_value>
		</wp:postmeta>
		<wp:postmeta>
			<wp:meta_key><![CDATA[_menu_item_classes]]></wp:meta_key>
			<wp:meta_value><![CDATA[a:1:{i:0;s:0:"";}]]></wp:meta_value>
		</wp:postmeta>
		<wp:postmeta>
			<wp:meta_key><![CDATA[_menu_item_xfn]]></wp:meta_key>
			<wp:meta_value><![CDATA[]]></wp:meta_value>
		</wp:postmeta>
		<wp:postmeta>
			<wp:meta_key><![CDATA[_menu_item_url]]></wp:meta_key>
			<wp:meta_value><![CDATA[#services]]></wp:meta_value>
		</wp:postmeta>
	</item>
	<item>
		<title>PRICING</title>
		<link>http://highgradelab.com/upshot/parallax-landing-page-demo/2017/03/03/pricing/</link>
		<pubDate>Fri, 03 Mar 2017 14:24:24 +0000</pubDate>
		<dc:creator><![CDATA[admin]]></dc:creator>
		<guid isPermaLink="false">http://highgradelab.com/upshot/parallax-landing-page-demo/?p=61</guid>
		<description></description>
		<content:encoded><![CDATA[]]></content:encoded>
		<excerpt:encoded><![CDATA[]]></excerpt:encoded>
		<wp:post_id>61</wp:post_id>
		<wp:post_date><![CDATA[2017-03-03 14:24:24]]></wp:post_date>
		<wp:post_date_gmt><![CDATA[2017-03-03 14:24:24]]></wp:post_date_gmt>
		<wp:comment_status><![CDATA[closed]]></wp:comment_status>
		<wp:ping_status><![CDATA[closed]]></wp:ping_status>
		<wp:post_name><![CDATA[pricing]]></wp:post_name>
		<wp:status><![CDATA[publish]]></wp:status>
		<wp:post_parent>0</wp:post_parent>
		<wp:menu_order>4</wp:menu_order>
		<wp:post_type><![CDATA[nav_menu_item]]></wp:post_type>
		<wp:post_password><![CDATA[]]></wp:post_password>
		<wp:is_sticky>0</wp:is_sticky>
		<category domain="nav_menu" nicename="main-menu"><![CDATA[Main Menu]]></category>
		<wp:postmeta>
			<wp:meta_key><![CDATA[_menu_item_type]]></wp:meta_key>
			<wp:meta_value><![CDATA[custom]]></wp:meta_value>
		</wp:postmeta>
		<wp:postmeta>
			<wp:meta_key><![CDATA[_vc_post_settings]]></wp:meta_key>
			<wp:meta_value><![CDATA[a:1:{s:10:"vc_grid_id";a:0:{}}]]></wp:meta_value>
		</wp:postmeta>
		<wp:postmeta>
			<wp:meta_key><![CDATA[_menu_item_menu_item_parent]]></wp:meta_key>
			<wp:meta_value><![CDATA[0]]></wp:meta_value>
		</wp:postmeta>
		<wp:postmeta>
			<wp:meta_key><![CDATA[_menu_item_object_id]]></wp:meta_key>
			<wp:meta_value><![CDATA[61]]></wp:meta_value>
		</wp:postmeta>
		<wp:postmeta>
			<wp:meta_key><![CDATA[_menu_item_object]]></wp:meta_key>
			<wp:meta_value><![CDATA[custom]]></wp:meta_value>
		</wp:postmeta>
		<wp:postmeta>
			<wp:meta_key><![CDATA[_menu_item_target]]></wp:meta_key>
			<wp:meta_value><![CDATA[]]></wp:meta_value>
		</wp:postmeta>
		<wp:postmeta>
			<wp:meta_key><![CDATA[_menu_item_classes]]></wp:meta_key>
			<wp:meta_value><![CDATA[a:1:{i:0;s:0:"";}]]></wp:meta_value>
		</wp:postmeta>
		<wp:postmeta>
			<wp:meta_key><![CDATA[_menu_item_xfn]]></wp:meta_key>
			<wp:meta_value><![CDATA[]]></wp:meta_value>
		</wp:postmeta>
		<wp:postmeta>
			<wp:meta_key><![CDATA[_menu_item_url]]></wp:meta_key>
			<wp:meta_value><![CDATA[#pricing]]></wp:meta_value>
		</wp:postmeta>
	</item>
	<item>
		<title>services</title>
		<link>http://highgradelab.com/upshot/parallax-landing-page-demo/home/services-parallax-landing-page/services-2/</link>
		<pubDate>Fri, 03 Mar 2017 16:45:05 +0000</pubDate>
		<dc:creator><![CDATA[admin]]></dc:creator>
		<guid isPermaLink="false">http://highgradelab.com/upshot/parallax-landing-page-demo/wp-content/uploads/sites/14/2017/03/services.jpg</guid>
		<description></description>
		<content:encoded><![CDATA[]]></content:encoded>
		<excerpt:encoded><![CDATA[]]></excerpt:encoded>
		<wp:post_id>88</wp:post_id>
		<wp:post_date><![CDATA[2017-03-03 16:45:05]]></wp:post_date>
		<wp:post_date_gmt><![CDATA[2017-03-03 16:45:05]]></wp:post_date_gmt>
		<wp:comment_status><![CDATA[open]]></wp:comment_status>
		<wp:ping_status><![CDATA[closed]]></wp:ping_status>
		<wp:post_name><![CDATA[services-2]]></wp:post_name>
		<wp:status><![CDATA[inherit]]></wp:status>
		<wp:post_parent>28</wp:post_parent>
		<wp:menu_order>0</wp:menu_order>
		<wp:post_type><![CDATA[attachment]]></wp:post_type>
		<wp:post_password><![CDATA[]]></wp:post_password>
		<wp:is_sticky>0</wp:is_sticky>
		<wp:attachment_url><![CDATA[http://highgradelab.com/upshot/parallax-landing-page-demo/wp-content/uploads/sites/14/2017/03/services.jpg]]></wp:attachment_url>
		<wp:postmeta>
			<wp:meta_key><![CDATA[_wp_attached_file]]></wp:meta_key>
			<wp:meta_value><![CDATA[2017/03/services.jpg]]></wp:meta_value>
		</wp:postmeta>
		<wp:postmeta>
			<wp:meta_key><![CDATA[_wp_attachment_metadata]]></wp:meta_key>
			<wp:meta_value><![CDATA[a:5:{s:5:"width";i:1920;s:6:"height";i:1280;s:4:"file";s:20:"2017/03/services.jpg";s:5:"sizes";a:7:{s:9:"thumbnail";a:4:{s:4:"file";s:20:"services-150x150.jpg";s:5:"width";i:150;s:6:"height";i:150;s:9:"mime-type";s:10:"image/jpeg";}s:6:"medium";a:4:{s:4:"file";s:20:"services-300x200.jpg";s:5:"width";i:300;s:6:"height";i:200;s:9:"mime-type";s:10:"image/jpeg";}s:12:"medium_large";a:4:{s:4:"file";s:20:"services-768x512.jpg";s:5:"width";i:768;s:6:"height";i:512;s:9:"mime-type";s:10:"image/jpeg";}s:5:"large";a:4:{s:4:"file";s:21:"services-1024x683.jpg";s:5:"width";i:1024;s:6:"height";i:683;s:9:"mime-type";s:10:"image/jpeg";}s:14:"shop_thumbnail";a:4:{s:4:"file";s:20:"services-180x180.jpg";s:5:"width";i:180;s:6:"height";i:180;s:9:"mime-type";s:10:"image/jpeg";}s:12:"shop_catalog";a:4:{s:4:"file";s:20:"services-300x300.jpg";s:5:"width";i:300;s:6:"height";i:300;s:9:"mime-type";s:10:"image/jpeg";}s:11:"shop_single";a:4:{s:4:"file";s:20:"services-600x600.jpg";s:5:"width";i:600;s:6:"height";i:600;s:9:"mime-type";s:10:"image/jpeg";}}s:10:"image_meta";a:12:{s:8:"aperture";s:1:"0";s:6:"credit";s:0:"";s:6:"camera";s:0:"";s:7:"caption";s:0:"";s:17:"created_timestamp";s:1:"0";s:9:"copyright";s:0:"";s:12:"focal_length";s:1:"0";s:3:"iso";s:1:"0";s:13:"shutter_speed";s:1:"0";s:5:"title";s:0:"";s:11:"orientation";s:1:"0";s:8:"keywords";a:0:{}}}]]></wp:meta_value>
		</wp:postmeta>
	</item>
	<item>
		<title>about</title>
		<link>http://highgradelab.com/upshot/parallax-landing-page-demo/home/about-parallax-landing-page/about/</link>
		<pubDate>Fri, 03 Mar 2017 17:03:24 +0000</pubDate>
		<dc:creator><![CDATA[admin]]></dc:creator>
		<guid isPermaLink="false">http://highgradelab.com/upshot/parallax-landing-page-demo/wp-content/uploads/sites/14/2017/03/about.jpg</guid>
		<description></description>
		<content:encoded><![CDATA[]]></content:encoded>
		<excerpt:encoded><![CDATA[]]></excerpt:encoded>
		<wp:post_id>95</wp:post_id>
		<wp:post_date><![CDATA[2017-03-03 17:03:24]]></wp:post_date>
		<wp:post_date_gmt><![CDATA[2017-03-03 17:03:24]]></wp:post_date_gmt>
		<wp:comment_status><![CDATA[open]]></wp:comment_status>
		<wp:ping_status><![CDATA[closed]]></wp:ping_status>
		<wp:post_name><![CDATA[about]]></wp:post_name>
		<wp:status><![CDATA[inherit]]></wp:status>
		<wp:post_parent>17</wp:post_parent>
		<wp:menu_order>0</wp:menu_order>
		<wp:post_type><![CDATA[attachment]]></wp:post_type>
		<wp:post_password><![CDATA[]]></wp:post_password>
		<wp:is_sticky>0</wp:is_sticky>
		<wp:attachment_url><![CDATA[http://highgradelab.com/upshot/parallax-landing-page-demo/wp-content/uploads/sites/14/2017/03/about.jpg]]></wp:attachment_url>
		<wp:postmeta>
			<wp:meta_key><![CDATA[_wp_attached_file]]></wp:meta_key>
			<wp:meta_value><![CDATA[2017/03/about.jpg]]></wp:meta_value>
		</wp:postmeta>
		<wp:postmeta>
			<wp:meta_key><![CDATA[_wp_attachment_metadata]]></wp:meta_key>
			<wp:meta_value><![CDATA[a:5:{s:5:"width";i:1920;s:6:"height";i:1440;s:4:"file";s:17:"2017/03/about.jpg";s:5:"sizes";a:7:{s:9:"thumbnail";a:4:{s:4:"file";s:17:"about-150x150.jpg";s:5:"width";i:150;s:6:"height";i:150;s:9:"mime-type";s:10:"image/jpeg";}s:6:"medium";a:4:{s:4:"file";s:17:"about-300x225.jpg";s:5:"width";i:300;s:6:"height";i:225;s:9:"mime-type";s:10:"image/jpeg";}s:12:"medium_large";a:4:{s:4:"file";s:17:"about-768x576.jpg";s:5:"width";i:768;s:6:"height";i:576;s:9:"mime-type";s:10:"image/jpeg";}s:5:"large";a:4:{s:4:"file";s:18:"about-1024x768.jpg";s:5:"width";i:1024;s:6:"height";i:768;s:9:"mime-type";s:10:"image/jpeg";}s:14:"shop_thumbnail";a:4:{s:4:"file";s:17:"about-180x180.jpg";s:5:"width";i:180;s:6:"height";i:180;s:9:"mime-type";s:10:"image/jpeg";}s:12:"shop_catalog";a:4:{s:4:"file";s:17:"about-300x300.jpg";s:5:"width";i:300;s:6:"height";i:300;s:9:"mime-type";s:10:"image/jpeg";}s:11:"shop_single";a:4:{s:4:"file";s:17:"about-600x600.jpg";s:5:"width";i:600;s:6:"height";i:600;s:9:"mime-type";s:10:"image/jpeg";}}s:10:"image_meta";a:12:{s:8:"aperture";s:1:"0";s:6:"credit";s:0:"";s:6:"camera";s:0:"";s:7:"caption";s:0:"";s:17:"created_timestamp";s:1:"0";s:9:"copyright";s:0:"";s:12:"focal_length";s:1:"0";s:3:"iso";s:1:"0";s:13:"shutter_speed";s:1:"0";s:5:"title";s:0:"";s:11:"orientation";s:1:"0";s:8:"keywords";a:0:{}}}]]></wp:meta_value>
		</wp:postmeta>
	</item>
	<item>
		<title>slider</title>
		<link>http://highgradelab.com/upshot/parallax-landing-page-demo/home/slider-parallax-landing-page/slider/</link>
		<pubDate>Fri, 03 Mar 2017 17:48:38 +0000</pubDate>
		<dc:creator><![CDATA[admin]]></dc:creator>
		<guid isPermaLink="false">http://highgradelab.com/upshot/parallax-landing-page-demo/wp-content/uploads/sites/14/2017/03/slider.jpg</guid>
		<description></description>
		<content:encoded><![CDATA[]]></content:encoded>
		<excerpt:encoded><![CDATA[]]></excerpt:encoded>
		<wp:post_id>110</wp:post_id>
		<wp:post_date><![CDATA[2017-03-03 17:48:38]]></wp:post_date>
		<wp:post_date_gmt><![CDATA[2017-03-03 17:48:38]]></wp:post_date_gmt>
		<wp:comment_status><![CDATA[open]]></wp:comment_status>
		<wp:ping_status><![CDATA[closed]]></wp:ping_status>
		<wp:post_name><![CDATA[slider]]></wp:post_name>
		<wp:status><![CDATA[inherit]]></wp:status>
		<wp:post_parent>9</wp:post_parent>
		<wp:menu_order>0</wp:menu_order>
		<wp:post_type><![CDATA[attachment]]></wp:post_type>
		<wp:post_password><![CDATA[]]></wp:post_password>
		<wp:is_sticky>0</wp:is_sticky>
		<wp:attachment_url><![CDATA[http://highgradelab.com/upshot/parallax-landing-page-demo/wp-content/uploads/sites/14/2017/03/slider.jpg]]></wp:attachment_url>
		<wp:postmeta>
			<wp:meta_key><![CDATA[_wp_attached_file]]></wp:meta_key>
			<wp:meta_value><![CDATA[2017/03/slider.jpg]]></wp:meta_value>
		</wp:postmeta>
		<wp:postmeta>
			<wp:meta_key><![CDATA[_wp_attachment_metadata]]></wp:meta_key>
			<wp:meta_value><![CDATA[a:5:{s:5:"width";i:1920;s:6:"height";i:1276;s:4:"file";s:18:"2017/03/slider.jpg";s:5:"sizes";a:7:{s:9:"thumbnail";a:4:{s:4:"file";s:18:"slider-150x150.jpg";s:5:"width";i:150;s:6:"height";i:150;s:9:"mime-type";s:10:"image/jpeg";}s:6:"medium";a:4:{s:4:"file";s:18:"slider-300x199.jpg";s:5:"width";i:300;s:6:"height";i:199;s:9:"mime-type";s:10:"image/jpeg";}s:12:"medium_large";a:4:{s:4:"file";s:18:"slider-768x510.jpg";s:5:"width";i:768;s:6:"height";i:510;s:9:"mime-type";s:10:"image/jpeg";}s:5:"large";a:4:{s:4:"file";s:19:"slider-1024x681.jpg";s:5:"width";i:1024;s:6:"height";i:681;s:9:"mime-type";s:10:"image/jpeg";}s:14:"shop_thumbnail";a:4:{s:4:"file";s:18:"slider-180x180.jpg";s:5:"width";i:180;s:6:"height";i:180;s:9:"mime-type";s:10:"image/jpeg";}s:12:"shop_catalog";a:4:{s:4:"file";s:18:"slider-300x300.jpg";s:5:"width";i:300;s:6:"height";i:300;s:9:"mime-type";s:10:"image/jpeg";}s:11:"shop_single";a:4:{s:4:"file";s:18:"slider-600x600.jpg";s:5:"width";i:600;s:6:"height";i:600;s:9:"mime-type";s:10:"image/jpeg";}}s:10:"image_meta";a:12:{s:8:"aperture";s:1:"0";s:6:"credit";s:0:"";s:6:"camera";s:0:"";s:7:"caption";s:0:"";s:17:"created_timestamp";s:1:"0";s:9:"copyright";s:0:"";s:12:"focal_length";s:1:"0";s:3:"iso";s:1:"0";s:13:"shutter_speed";s:1:"0";s:5:"title";s:0:"";s:11:"orientation";s:1:"0";s:8:"keywords";a:0:{}}}]]></wp:meta_value>
		</wp:postmeta>
	</item>
</channel>
</rss>
