{"grids":[{"id":"1","name":"jewllery-products","handle":"jewllery-products","postparams":"{\"source-type\":\"post\",\"post_types\":\"product\",\"post_category\":\"product_tag_jewllery\",\"category-relation\":\"OR\",\"additional-query\":\"\",\"selected_pages\":\"\",\"max_entries\":\"-1\",\"stream-source-type\":\"instagram\",\"youtube-api\":\"\",\"youtube-channel-id\":\"\",\"youtube-type-source\":\"channel\",\"youtube-playlist\":\"\",\"youtube-playlist-select\":\"\",\"youtube-thumb-size\":\"default\",\"youtube-full-size\":\"default\",\"youtube-count\":\"12\",\"youtube-transient-sec\":\"86400\",\"vimeo-type-source\":\"user\",\"vimeo-username\":\"\",\"vimeo-groupname\":\"\",\"vimeo-albumid\":\"\",\"vimeo-channelname\":\"\",\"vimeo-thumb-size\":\"thumbnail_small\",\"vimeo-count\":\"12\",\"vimeo-transient-sec\":\"86400\",\"instagram-user-id\":\"\",\"instagram-thumb-size\":\"Low Resolution\",\"instagram-full-size\":\"Standard Resolution\",\"instagram-count\":\"12\",\"instagram-transient-sec\":\"86400\",\"flickr-api-key\":\"\",\"flickr-type\":\"publicphotos\",\"flickr-user-url\":\"\",\"flickr-photoset\":\"\",\"flickr-photoset-select\":\"\",\"flickr-gallery-url\":\"\",\"flickr-group-url\":\"\",\"flickr-thumb-size\":\"Small 320\",\"flickr-full-size\":\"Medium 800\",\"flickr-count\":\"12\",\"flickr-transient-sec\":\"86400\",\"facebook-app-id\":\"\",\"facebook-app-secret\":\"\",\"facebook-page-url\":\"\",\"facebook-type-source\":\"timeline\",\"facebook-album\":\"\",\"facebook-album-select\":\"\",\"facebook-count\":\"12\",\"facebook-transient-sec\":\"86400\",\"twitter-consumer-key\":\"\",\"twitter-consumer-secret\":\"\",\"twitter-access-token\":\"\",\"twitter-access-secret\":\"\",\"twitter-user-id\":\"\",\"twitter-image-only\":\"true\",\"twitter-include-retweets\":\"on\",\"twitter-exclude-replies\":\"on\",\"twitter-count\":\"12\",\"twitter-transient-sec\":\"86400\",\"media-source-order\":[\"featured-image\"],\"poster-source-order\":[\"featured-image\"],\"image-source-type\":\"full\",\"media-filter-type\":\"none\",\"default-image\":\"0\",\"youtube-default-image\":\"0\",\"vimeo-default-image\":\"0\",\"html-default-image\":\"0\"}","params":"{\"layout-sizing\":\"boxed\",\"fullscreen-offset-container\":\"\",\"layout\":\"cobbles\",\"content-push\":\"off\",\"x-ratio\":\"4\",\"y-ratio\":\"3\",\"auto-ratio\":\"true\",\"rtl\":\"off\",\"use-cobbles-pattern\":\"on\",\"columns-advanced\":\"off\",\"columns-height\":[\"0\",\"0\",\"0\",\"0\",\"0\",\"0\",\"0\"],\"columns-width\":[\"1400\",\"1170\",\"1024\",\"960\",\"778\",\"640\",\"480\"],\"mascontent-height\":[\"0\",\"0\",\"0\",\"0\",\"0\",\"0\",\"0\"],\"columns\":[\"3\",\"3\",\"3\",\"3\",\"2\",\"2\",\"1\"],\"rows-unlimited\":\"off\",\"rows\":\"10\",\"load-more\":\"none\",\"load-more-hide\":\"off\",\"load-more-text\":\"Load More\",\"load-more-show-number\":\"on\",\"load-more-start\":\"3\",\"load-more-amount\":\"3\",\"lazy-loading\":\"off\",\"lazy-loading-blur\":\"on\",\"lazy-load-color\":\"#FFFFFF\",\"0\":\"\",\"spacings\":\"20\",\"grid-padding\":[\"0\",\"0\",\"0\",\"0\"],\"main-background-color\":\"transparent\",\"navigation-skin\":\"minimal-light\",\"entry-skin\":\"upshot-product\",\"grid-animation\":\"fade\",\"grid-animation-speed\":\"1000\",\"grid-animation-delay\":\"1\",\"hover-animation-delay\":\"1\",\"top-1-align\":\"center\",\"top-1-margin-bottom\":\"0\",\"top-2-align\":\"center\",\"top-2-margin-bottom\":\"0\",\"bottom-1-align\":\"center\",\"bottom-1-margin-top\":\"0\",\"bottom-2-align\":\"center\",\"bottom-2-margin-top\":\"0\",\"left-margin-left\":\"0\",\"right-margin-right\":\"0\",\"module-spacings\":\"5\",\"pagination-numbers\":\"smart\",\"pagination-scroll\":\"off\",\"pagination-scroll-offset\":\"0\",\"filter-arrows\":\"single\",\"filter-logic\":\"or\",\"filter-start\":\"\",\"filter-show-on\":\"hover\",\"filter-all-text\":\"Filter - All\",\"filter-listing\":\"list\",\"filter-dropdown-text\":\"Filter Categories\",\"filter-counter\":\"off\",\"filter-selected\":[\"product_tag_9\"],\"sort-by-text\":\"Sort By \",\"sorting-order-by\":\"date\",\"sorting-order-by-start\":\"none\",\"sorting-order-by-start-meta\":\"\",\"sorting-order-type\":\"ASC\",\"search-text\":\"Search...\",\"lb-source-order\":[\"featured-image\"],\"lightbox-mode\":\"single\",\"lightbox-exclude-media\":\"off\",\"lightbox-type\":\"null\",\"lightbox-position\":\"bottom\",\"lightbox-twitter\":\"off\",\"lightbox-facebook\":\"off\",\"lbox-inpadding\":[\"0\",\"0\",\"0\",\"0\"],\"lbox-padding\":[\"0\",\"0\",\"0\",\"0\"],\"lightbox-effect-open-close\":\"fade\",\"lightbox-effect-open-close-speed\":\"normal\",\"lightbox-effect-next-prev\":\"fade\",\"lightbox-effect-next-prev-speed\":\"normal\",\"lbox-width\":\"800\",\"lbox-height\":\"600\",\"lbox-minwidth\":\"100\",\"lbox-minheight\":\"100\",\"lbox-maxwidth\":\"9999\",\"lbox-maxheight\":\"9999\",\"lightbox-autoplay\":\"off\",\"lbox-playspeed\":\"3000\",\"lbox-preload\":\"3\",\"lightbox-arrows\":\"on\",\"lightbox-thumbs\":\"off\",\"lbox-thumb-w\":\"50\",\"lbox-thumb-h\":\"50\",\"aj-source-order\":[\"post-content\"],\"ajax-container-id\":\"ess-grid-ajax-container-\",\"ajax-container-position\":\"top\",\"ajax-scroll-onload\":\"on\",\"ajax-scrollto-offset\":\"0\",\"ajax-close-button\":\"off\",\"ajax-button-text\":\"Close\",\"ajax-nav-button\":\"off\",\"ajax-button-skin\":\"light\",\"ajax-button-type\":\"type1\",\"ajax-button-inner\":\"false\",\"ajax-button-h-pos\":\"r\",\"ajax-button-v-pos\":\"t\",\"ajax-container-pre\":\"\",\"ajax-container-post\":\"\",\"ajax-container-css\":\"\",\"ajax-callback\":\"\",\"ajax-callback-arg\":\"false\",\"ajax-css-url\":\"\",\"ajax-js-url\":\"\",\"use-spinner\":\"0\",\"spinner-color\":\"#FFFFFF\",\"hide-markup-before-load\":\"off\",\"custom-javascript\":\"\",\"cookie-save-time\":\"30\",\"cookie-save-search\":\"off\",\"cookie-save-filter\":\"off\",\"cookie-save-pagination\":\"off\",\"css-id\":\"\"}","layers":"[]","settings":null,"last_modified":"2017-03-10 00:27:49"},{"id":"2","name":"watches-products","handle":"watches-products","postparams":"{\"source-type\":\"post\",\"post_types\":\"product\",\"post_category\":\"product_cat_watches\",\"category-relation\":\"OR\",\"additional-query\":\"\",\"selected_pages\":\"\",\"max_entries\":\"-1\",\"stream-source-type\":\"instagram\",\"youtube-api\":\"\",\"youtube-channel-id\":\"\",\"youtube-type-source\":\"channel\",\"youtube-playlist\":\"\",\"youtube-playlist-select\":\"\",\"youtube-thumb-size\":\"default\",\"youtube-full-size\":\"default\",\"youtube-count\":\"12\",\"youtube-transient-sec\":\"86400\",\"vimeo-type-source\":\"user\",\"vimeo-username\":\"\",\"vimeo-groupname\":\"\",\"vimeo-albumid\":\"\",\"vimeo-channelname\":\"\",\"vimeo-thumb-size\":\"thumbnail_small\",\"vimeo-count\":\"12\",\"vimeo-transient-sec\":\"86400\",\"instagram-user-id\":\"\",\"instagram-thumb-size\":\"Low Resolution\",\"instagram-full-size\":\"Standard Resolution\",\"instagram-count\":\"12\",\"instagram-transient-sec\":\"86400\",\"flickr-api-key\":\"\",\"flickr-type\":\"publicphotos\",\"flickr-user-url\":\"\",\"flickr-photoset\":\"\",\"flickr-photoset-select\":\"\",\"flickr-gallery-url\":\"\",\"flickr-group-url\":\"\",\"flickr-thumb-size\":\"Small 320\",\"flickr-full-size\":\"Medium 800\",\"flickr-count\":\"12\",\"flickr-transient-sec\":\"86400\",\"facebook-app-id\":\"\",\"facebook-app-secret\":\"\",\"facebook-page-url\":\"\",\"facebook-type-source\":\"timeline\",\"facebook-album\":\"\",\"facebook-album-select\":\"\",\"facebook-count\":\"12\",\"facebook-transient-sec\":\"86400\",\"twitter-consumer-key\":\"\",\"twitter-consumer-secret\":\"\",\"twitter-access-token\":\"\",\"twitter-access-secret\":\"\",\"twitter-user-id\":\"\",\"twitter-image-only\":\"true\",\"twitter-include-retweets\":\"on\",\"twitter-exclude-replies\":\"on\",\"twitter-count\":\"12\",\"twitter-transient-sec\":\"86400\",\"media-source-order\":[\"featured-image\"],\"poster-source-order\":[\"featured-image\"],\"image-source-type\":\"full\",\"media-filter-type\":\"none\",\"default-image\":\"0\",\"youtube-default-image\":\"0\",\"vimeo-default-image\":\"0\",\"html-default-image\":\"0\"}","params":"{\"layout-sizing\":\"boxed\",\"fullscreen-offset-container\":\"\",\"layout\":\"cobbles\",\"content-push\":\"off\",\"x-ratio\":\"4\",\"y-ratio\":\"3\",\"auto-ratio\":\"true\",\"rtl\":\"off\",\"use-cobbles-pattern\":\"on\",\"columns-advanced\":\"off\",\"columns-height\":[\"0\",\"0\",\"0\",\"0\",\"0\",\"0\",\"0\"],\"columns-width\":[\"1400\",\"1170\",\"1024\",\"960\",\"778\",\"640\",\"480\"],\"mascontent-height\":[\"0\",\"0\",\"0\",\"0\",\"0\",\"0\",\"0\"],\"columns\":[\"4\",\"4\",\"4\",\"4\",\"2\",\"2\",\"1\"],\"rows-unlimited\":\"off\",\"rows\":\"10\",\"load-more\":\"none\",\"load-more-hide\":\"off\",\"load-more-text\":\"Load More\",\"load-more-show-number\":\"on\",\"load-more-start\":\"3\",\"load-more-amount\":\"3\",\"lazy-loading\":\"off\",\"lazy-loading-blur\":\"on\",\"lazy-load-color\":\"#FFFFFF\",\"0\":\"\",\"spacings\":\"20\",\"grid-padding\":[\"0\",\"0\",\"0\",\"0\"],\"main-background-color\":\"transparent\",\"navigation-skin\":\"minimal-light\",\"entry-skin\":\"upshot-product\",\"grid-animation\":\"fade\",\"grid-animation-speed\":\"1000\",\"grid-animation-delay\":\"1\",\"hover-animation-delay\":\"1\",\"top-1-align\":\"center\",\"top-1-margin-bottom\":\"0\",\"top-2-align\":\"center\",\"top-2-margin-bottom\":\"0\",\"bottom-1-align\":\"center\",\"bottom-1-margin-top\":\"0\",\"bottom-2-align\":\"center\",\"bottom-2-margin-top\":\"0\",\"left-margin-left\":\"0\",\"right-margin-right\":\"0\",\"module-spacings\":\"5\",\"pagination-numbers\":\"smart\",\"pagination-scroll\":\"off\",\"pagination-scroll-offset\":\"0\",\"filter-arrows\":\"single\",\"filter-logic\":\"or\",\"filter-start\":\"\",\"filter-show-on\":\"hover\",\"filter-all-text\":\"Filter - All\",\"filter-listing\":\"list\",\"filter-dropdown-text\":\"Filter Categories\",\"filter-counter\":\"off\",\"filter-selected\":[\"product_cat_10\"],\"sort-by-text\":\"Sort By \",\"sorting-order-by\":\"date\",\"sorting-order-by-start\":\"none\",\"sorting-order-by-start-meta\":\"\",\"sorting-order-type\":\"ASC\",\"search-text\":\"Search...\",\"lb-source-order\":[\"featured-image\"],\"lightbox-mode\":\"single\",\"lightbox-exclude-media\":\"off\",\"lightbox-type\":\"null\",\"lightbox-position\":\"bottom\",\"lightbox-twitter\":\"off\",\"lightbox-facebook\":\"off\",\"lbox-inpadding\":[\"0\",\"0\",\"0\",\"0\"],\"lbox-padding\":[\"0\",\"0\",\"0\",\"0\"],\"lightbox-effect-open-close\":\"fade\",\"lightbox-effect-open-close-speed\":\"normal\",\"lightbox-effect-next-prev\":\"fade\",\"lightbox-effect-next-prev-speed\":\"normal\",\"lbox-width\":\"800\",\"lbox-height\":\"600\",\"lbox-minwidth\":\"100\",\"lbox-minheight\":\"100\",\"lbox-maxwidth\":\"9999\",\"lbox-maxheight\":\"9999\",\"lightbox-autoplay\":\"off\",\"lbox-playspeed\":\"3000\",\"lbox-preload\":\"3\",\"lightbox-arrows\":\"on\",\"lightbox-thumbs\":\"off\",\"lbox-thumb-w\":\"50\",\"lbox-thumb-h\":\"50\",\"aj-source-order\":[\"post-content\"],\"ajax-container-id\":\"ess-grid-ajax-container-\",\"ajax-container-position\":\"top\",\"ajax-scroll-onload\":\"on\",\"ajax-scrollto-offset\":\"0\",\"ajax-close-button\":\"off\",\"ajax-button-text\":\"Close\",\"ajax-nav-button\":\"off\",\"ajax-button-skin\":\"light\",\"ajax-button-type\":\"type1\",\"ajax-button-inner\":\"false\",\"ajax-button-h-pos\":\"r\",\"ajax-button-v-pos\":\"t\",\"ajax-container-pre\":\"\",\"ajax-container-post\":\"\",\"ajax-container-css\":\"\",\"ajax-callback\":\"\",\"ajax-callback-arg\":\"false\",\"ajax-css-url\":\"\",\"ajax-js-url\":\"\",\"use-spinner\":\"0\",\"spinner-color\":\"#FFFFFF\",\"hide-markup-before-load\":\"off\",\"custom-javascript\":\"\",\"cookie-save-time\":\"30\",\"cookie-save-search\":\"off\",\"cookie-save-filter\":\"off\",\"cookie-save-pagination\":\"off\",\"css-id\":\"\"}","layers":"[]","settings":null,"last_modified":"2017-03-10 00:38:55"}],"skins":[{"id":"51","name":"Upshot Product","handle":"upshot-product","params":"{\"eg-item-skin-element-last-id\":\"8\",\"choose-layout\":\"even\",\"show-content\":\"bottom\",\"content-align\":\"left\",\"image-repeat\":\"no-repeat\",\"image-fit\":\"cover\",\"image-align-horizontal\":\"center\",\"image-align-vertical\":\"center\",\"element-x-ratio\":\"4\",\"element-y-ratio\":\"3\",\"cover-type\":\"full\",\"container-background-color\":\"\",\"0\":\"Default\",\"element-container-background-color-opacity\":\"0\",\"cover-background-size\":\"cover\",\"cover-background-repeat\":\"no-repeat\",\"cover-background-image\":\"0\",\"cover-background-image-url\":\"\",\"full-bg-color\":\"#ffffff\",\"full-padding\":[\"0\",\"0\",\"0\",\"0\"],\"full-border\":[\"0\",\"0\",\"0\",\"0\"],\"full-border-radius\":[\"0\",\"0\",\"0\",\"0\"],\"full-border-color\":\"transparent\",\"full-border-style\":\"none\",\"full-overflow-hidden\":\"false\",\"content-bg-color\":\"#ffffff\",\"content-padding\":[\"0\",\"0\",\"0\",\"0\"],\"content-border\":[\"0\",\"0\",\"0\",\"0\"],\"content-border-radius\":[\"0\",\"0\",\"0\",\"0\"],\"content-border-color\":\"transparent\",\"content-border-style\":\"none\",\"all-shadow-used\":\"none\",\"content-shadow-color\":\"#000000\",\"content-shadow-alpha\":\"100\",\"content-box-shadow\":[\"0\",\"0\",\"0\",\"0\"],\"cover-animation-top-type\":\"\",\"cover-animation-delay-top\":\"0\",\"cover-animation-top\":\"fade\",\"cover-animation-center-type\":\"\",\"cover-animation-delay-center\":\"0\",\"cover-animation-center\":\"none\",\"cover-animation-bottom-type\":\"\",\"cover-animation-delay-bottom\":\"0\",\"cover-animation-bottom\":\"fade\",\"cover-group-animation\":\"fade\",\"media-animation\":\"none\",\"media-animation-delay\":\"0\",\"link-set-to\":\"none\",\"link-link-type\":\"none\",\"link-url-link\":\"\",\"link-meta-link\":\"\",\"link-javascript-link\":\"\",\"link-target\":\"_self\"}","layers":"[{\"id\":\"0\",\"order\":0,\"container\":\"c\",\"settings\":{\"0\":\"Default\",\"source\":\"icon\",\"enable-hover\":\"on\",\"font-size\":\"16\",\"line-height\":\"22\",\"color\":\"#ffffff\",\"font-family\":\"\",\"font-weight\":\"400\",\"text-decoration\":\"none\",\"font-style\":\"\",\"text-transform\":\"none\",\"display\":\"inline-block\",\"text-align\":\"center\",\"float\":\"none\",\"clear\":\"none\",\"margin\":{\"0\":\"0\",\"1\":\"10\",\"2\":\"0\",\"3\":\"0\"},\"padding\":{\"0\":\"17\",\"1\":\"17\",\"2\":\"17\",\"3\":\"17\"},\"background-color\":\"#21af91\",\"bg-alpha\":\"100\",\"background-size\":\"cover\",\"background-repeat\":\"no-repeat\",\"shadow-color\":\"\",\"shadow-alpha\":\"0\",\"box-shadow\":{\"0\":\"0\",\"1\":\"0\",\"2\":\"0\",\"3\":\"0\"},\"border\":{\"0\":\"0\",\"1\":\"0\",\"2\":\"0\",\"3\":\"0\"},\"border-radius\":{\"0\":\"60\",\"1\":\"60\",\"2\":\"60\",\"3\":\"60\"},\"border-radius-unit\":\"px\",\"border-color\":\"#ffffff\",\"border-style\":\"solid\",\"font-size-hover\":\"16\",\"line-height-hover\":\"22\",\"color-hover\":\"#2a2a2a\",\"font-family-hover\":\"\",\"font-weight-hover\":\"400\",\"text-decoration-hover\":\"none\",\"font-style-hover\":\"\",\"text-transform-hover\":\"none\",\"background-color-hover\":\"#21af91\",\"bg-alpha-hover\":\"100\",\"background-size-hover\":\"cover\",\"background-size-x-hover\":\"100\",\"background-size-y-hover\":\"100\",\"background-repeat-hover\":\"no-repeat\",\"shadow-color-hover\":\"#21af91\",\"shadow-alpha-hover\":\"100\",\"box-shadow-hover\":{\"0\":\"0\",\"1\":\"0\",\"2\":\"0\",\"3\":\"0\"},\"border-hover\":{\"0\":\"0\",\"1\":\"0\",\"2\":\"0\",\"3\":\"0\"},\"border-radius-hover\":{\"0\":\"60\",\"1\":\"60\",\"2\":\"60\",\"3\":\"60\"},\"border-radius-unit-hover\":\"px\",\"border-color-hover\":\"#ffffff\",\"border-style-hover\":\"solid\",\"hideunder\":\"0\",\"transition\":\"slideright\",\"delay\":\"46\",\"link-type\":\"post\",\"url-link\":\"\",\"javascript-link\":\"\",\"margin-unit\":\"px\",\"padding-unit\":\"px\",\"border-unit\":\"px\",\"box-shadow-unit\":\"px\",\"border-hover-unit\":\"px\",\"border-radius-hover-unit\":\"px\",\"box-shadow-hover-unit\":\"px\",\"transition-type\":\"\",\"css\":\"\",\"position\":\"relative\",\"top\":\"0\",\"right\":\"0\",\"bottom\":\"0\",\"left\":\"0\",\"tag-type\":\"div\",\"align\":\"t_l\",\"css-hover\":\"\",\"top-bottom\":\"0\",\"left-right\":\"0\",\"source-separate\":\",\",\"limit-type\":\"none\",\"limit-num\":\"10\",\"force-important\":\"true\",\"absolute-unit\":\"px\",\"hide-on-video\":\"false\",\"show-on-sale\":\"\",\"show-if-featured\":\"\",\"source-function\":\"link\",\"hideunderheight\":\"0\",\"hidetype\":\"visibility\",\"show-on-lightbox-video\":\"false\",\"link-target\":\"_self\",\"source-text-style-disable\":\"\",\"source-icon\":\"eg-icon-link\"}},{\"id\":\"1\",\"order\":1,\"container\":\"c\",\"settings\":{\"0\":\"Default\",\"source\":\"icon\",\"enable-hover\":\"on\",\"font-size\":\"16\",\"line-height\":\"22\",\"color\":\"#ffffff\",\"font-family\":\"\",\"font-weight\":\"400\",\"text-decoration\":\"none\",\"font-style\":\"\",\"text-transform\":\"none\",\"display\":\"inline-block\",\"text-align\":\"center\",\"float\":\"none\",\"clear\":\"none\",\"margin\":{\"0\":\"0\",\"1\":\"0\",\"2\":\"0\",\"3\":\"0\"},\"padding\":{\"0\":\"17\",\"1\":\"17\",\"2\":\"17\",\"3\":\"17\"},\"background-color\":\"#21af91\",\"bg-alpha\":\"100\",\"background-size\":\"cover\",\"background-repeat\":\"no-repeat\",\"shadow-color\":\"\",\"shadow-alpha\":\"0\",\"box-shadow\":{\"0\":\"0\",\"1\":\"0\",\"2\":\"0\",\"3\":\"0\"},\"border\":{\"0\":\"0\",\"1\":\"0\",\"2\":\"0\",\"3\":\"0\"},\"border-radius\":{\"0\":\"60\",\"1\":\"60\",\"2\":\"60\",\"3\":\"60\"},\"border-radius-unit\":\"px\",\"border-color\":\"#ffffff\",\"border-style\":\"solid\",\"font-size-hover\":\"16\",\"line-height-hover\":\"22\",\"color-hover\":\"#2a2a2a\",\"font-family-hover\":\"\",\"font-weight-hover\":\"400\",\"text-decoration-hover\":\"none\",\"font-style-hover\":\"\",\"text-transform-hover\":\"none\",\"background-color-hover\":\"#21af91\",\"bg-alpha-hover\":\"100\",\"background-size-hover\":\"cover\",\"background-size-x-hover\":\"100\",\"background-size-y-hover\":\"100\",\"background-repeat-hover\":\"no-repeat\",\"shadow-color-hover\":\"#21af91\",\"shadow-alpha-hover\":\"100\",\"box-shadow-hover\":{\"0\":\"0\",\"1\":\"0\",\"2\":\"0\",\"3\":\"0\"},\"border-hover\":{\"0\":\"0\",\"1\":\"0\",\"2\":\"0\",\"3\":\"0\"},\"border-radius-hover\":{\"0\":\"60\",\"1\":\"60\",\"2\":\"60\",\"3\":\"60\"},\"border-radius-unit-hover\":\"px\",\"border-color-hover\":\"#ffffff\",\"border-style-hover\":\"solid\",\"hideunder\":\"0\",\"transition\":\"slideleft\",\"delay\":\"50\",\"link-type\":\"lightbox\",\"url-link\":\"\",\"javascript-link\":\"\",\"margin-unit\":\"px\",\"padding-unit\":\"px\",\"border-unit\":\"px\",\"box-shadow-unit\":\"px\",\"border-hover-unit\":\"px\",\"border-radius-hover-unit\":\"px\",\"box-shadow-hover-unit\":\"px\",\"transition-type\":\"\",\"position\":\"relative\",\"top-bottom\":\"0\",\"left-right\":\"0\",\"source-separate\":\",\",\"limit-type\":\"none\",\"limit-num\":\"10\",\"tag-type\":\"div\",\"force-important\":\"true\",\"align\":\"t_l\",\"absolute-unit\":\"px\",\"hide-on-video\":\"false\",\"show-on-sale\":\"\",\"show-if-featured\":\"\",\"source-function\":\"link\",\"hideunderheight\":\"0\",\"hidetype\":\"visibility\",\"show-on-lightbox-video\":\"false\",\"link-target\":\"_self\",\"source-text-style-disable\":\"\",\"source-icon\":\"eg-icon-search\"}},{\"id\":\"7\",\"order\":2,\"container\":\"c\",\"settings\":{\"background-color\":\"#FFFFFF\",\"bg-alpha\":\"20\",\"clear\":\"both\",\"border-width\":\"0\",\"color\":\"transparent\",\"display\":\"block\",\"font-size\":\"10\",\"font-style\":\"italic\",\"font-weight\":\"700\",\"line-height\":\"5\",\"margin\":[\"0\",\"0\",\"0\",\"0\"],\"padding\":[\"0\",\"0\",\"0\",\"0\"],\"text-align\":\"center\",\"transition\":\"none\",\"text-transform\":\"uppercase\",\"source\":\"text\",\"special\":\"true\",\"font-family\":\"\",\"text-decoration\":\"none\",\"float\":\"none\",\"border\":[\"0\",\"0\",\"0\",\"0\"],\"border-radius\":[\"0\",\"0\",\"0\",\"0\"],\"border-radius-unit\":\"px\",\"border-color\":\"transparent\",\"border-style\":\"solid\",\"shadow-color\":\"#000\",\"shadow-alpha\":\"100\",\"box-shadow\":[\"0\",\"0\",\"0\",\"0\"],\"position\":\"relative\",\"top-bottom\":\"0\",\"left-right\":\"0\",\"source-separate\":\",\",\"limit-type\":\"none\",\"limit-num\":\"10\",\"transition-type\":\"\",\"delay\":\"10\",\"link-type\":\"none\",\"hideunder\":\"0\",\"hide-on-video\":\"\",\"enable-hover\":\"\",\"attribute\":\"\",\"class\":\"\",\"rel\":\"\",\"tag-type\":\"div\",\"force-important\":\"true\",\"align\":\"t_l\",\"absolute-unit\":\"px\",\"show-on-sale\":\"\",\"show-if-featured\":\"\",\"font-size-hover\":\"12\",\"line-height-hover\":\"14\",\"color-hover\":\"#000\",\"font-family-hover\":\"\",\"font-weight-hover\":\"400\",\"text-decoration-hover\":\"none\",\"font-style-hover\":\"\",\"text-transform-hover\":\"none\",\"border-hover\":[\"0\",\"0\",\"0\",\"0\"],\"border-radius-hover\":[\"0\",\"0\",\"0\",\"0\"],\"border-color-hover\":\"transparent\",\"border-style-hover\":\"solid\",\"background-color-hover\":\"#FFF\",\"bg-alpha-hover\":\"100\",\"shadow-color-hover\":\"#000\",\"shadow-alpha-hover\":\"100\",\"box-shadow-hover\":[\"0\",\"0\",\"0\",\"0\"],\"margin-unit\":\"px\",\"padding-unit\":\"px\",\"border-unit\":\"px\",\"box-shadow-unit\":\"px\",\"source-text\":\"LINE-BREAK\"}},null,{\"id\":\"8\",\"order\":0,\"container\":\"tl\",\"settings\":{\"background-color\":\"#FFFFFF\",\"bg-alpha\":\"20\",\"clear\":\"both\",\"border-width\":\"0\",\"color\":\"transparent\",\"display\":\"block\",\"font-size\":\"10\",\"font-style\":\"italic\",\"font-weight\":\"700\",\"line-height\":\"5\",\"margin\":{\"0\":\"0\",\"1\":\"0\",\"2\":\"0\",\"3\":\"0\"},\"padding\":{\"0\":\"0\",\"1\":\"0\",\"2\":\"0\",\"3\":\"0\"},\"text-align\":\"center\",\"transition\":\"none\",\"text-transform\":\"uppercase\",\"source\":\"text\",\"special\":\"true\",\"font-family\":\"\",\"text-decoration\":\"none\",\"float\":\"none\",\"border\":{\"0\":\"0\",\"1\":\"0\",\"2\":\"0\",\"3\":\"0\"},\"border-radius\":{\"0\":\"0\",\"1\":\"0\",\"2\":\"0\",\"3\":\"0\"},\"border-radius-unit\":\"px\",\"border-color\":\"transparent\",\"border-style\":\"solid\",\"shadow-color\":\"#000\",\"shadow-alpha\":\"100\",\"box-shadow\":{\"0\":\"0\",\"1\":\"0\",\"2\":\"0\",\"3\":\"0\"},\"position\":\"relative\",\"top-bottom\":\"0\",\"left-right\":\"0\",\"source-separate\":\",\",\"limit-type\":\"none\",\"limit-num\":\"10\",\"transition-type\":\"\",\"delay\":\"10\",\"link-type\":\"none\",\"hideunder\":\"0\",\"hide-on-video\":\"false\",\"enable-hover\":\"\",\"tag-type\":\"div\",\"force-important\":\"true\",\"align\":\"t_l\",\"absolute-unit\":\"px\",\"show-on-sale\":\"\",\"show-if-featured\":\"\",\"font-size-hover\":\"12\",\"line-height-hover\":\"14\",\"color-hover\":\"#000\",\"font-family-hover\":\"\",\"font-weight-hover\":\"400\",\"text-decoration-hover\":\"none\",\"font-style-hover\":\"\",\"text-transform-hover\":\"none\",\"border-hover\":{\"0\":\"0\",\"1\":\"0\",\"2\":\"0\",\"3\":\"0\"},\"border-radius-hover\":{\"0\":\"0\",\"1\":\"0\",\"2\":\"0\",\"3\":\"0\"},\"border-color-hover\":\"transparent\",\"border-style-hover\":\"solid\",\"background-color-hover\":\"#FFF\",\"bg-alpha-hover\":\"100\",\"shadow-color-hover\":\"#000\",\"shadow-alpha-hover\":\"100\",\"box-shadow-hover\":{\"0\":\"0\",\"1\":\"0\",\"2\":\"0\",\"3\":\"0\"},\"margin-unit\":\"px\",\"padding-unit\":\"px\",\"border-unit\":\"px\",\"box-shadow-unit\":\"px\",\"source-function\":\"link\",\"hideunderheight\":\"0\",\"hidetype\":\"visibility\",\"show-on-lightbox-video\":\"false\",\"link-target\":\"_self\",\"source-text-style-disable\":\"\",\"source-text\":\"LINE-BREAK\"}}]","settings":null}],"punch-fonts":[{"url":"Open+Sans:300,400,600,700,800","handle":"open-sans"},{"url":"Raleway:100,200,300,400,500,600,700,800,900","handle":"raleway"},{"url":"Droid+Serif:400,700","handle":"droid-serif"}]}