{"last_tab":"","website_model":"website_full_width","enable_smooth_scroll":"1","enable_boxed_shadow":"0","website-background":{"background-color":"","background-repeat":"","background-size":"","background-attachment":"","background-position":"","background-image":"","media":{"id":"","height":"","width":"","thumbnail":""}},"enable_full_screen_search":"1","enable_fssearch_onlu_for_products":"0","enable_top_info_bar":"0","top_info_btn_font":{"font-family":"Roboto","font-options":"","google":"1","font-backup":"","font-weight":"","font-style":"400","subsets":"","text-align":"center","text-transform":"","font-size":"14px","line-height":"14px","word-spacing":"","letter-spacing":""},"top_info_content_font":{"font-family":"Roboto","font-options":"","google":"1","font-backup":"","font-weight":"","font-style":"400","subsets":"","text-align":"left","font-size":"14px","line-height":"24px","word-spacing":"","letter-spacing":"","color":"#000"},"top_info_bar_padding":{"padding-top":"","padding-right":"","padding-bottom":"","padding-left":"","units":"px"},"body_border":"body_border_off","body_border_dimensions":{"width":"15px","units":"px"},"body_border_color":{"color":"#dd9933","alpha":"1.0","rgba":"rgba(221,153,51,1)"},"custom_error_page":"","back_to_top_button":"0","back_to_top_button_bg_color":{"color":"#dd9933","alpha":"1.0","rgba":"rgba(221,153,51,1)"},"back_to_top_button_dimensions":{"width":"30px","units":"px"},"mediaquery_screen_xs":"480","mediaquery_screen_s":"640","mediaquery_screen_m":"768","mediaquery_screen_l":"980","mediaquery_screen_xl":"1280","mediaquery_screen_xxl":"1280","container_xs":{"width":"300px","units":"px"},"container_s":{"width":"440px","units":"px"},"container_m":{"width":"600px","units":"px"},"container_l":{"width":"720px","units":"px"},"container_xl":{"width":"920px","units":"px"},"container_xxl":{"width":"1200px","units":"px"},"logo":{"url":"http:\/\/highgradelab.com\/upshot\/small-business-demo\/wp-content\/uploads\/sites\/8\/2016\/12\/logo-dark.png","id":"646","height":"60","width":"174","thumbnail":"http:\/\/highgradelab.com\/upshot\/small-business-demo\/wp-content\/uploads\/sites\/8\/2016\/12\/logo-dark-150x60.png"},"retina_logo":{"url":"http:\/\/highgradelab.com\/upshot\/small-business-demo\/wp-content\/uploads\/sites\/8\/2016\/12\/logo-dark@2x.png","id":"645","height":"120","width":"348","thumbnail":"http:\/\/highgradelab.com\/upshot\/small-business-demo\/wp-content\/uploads\/sites\/8\/2016\/12\/logo-dark@2x-150x120.png"},"favicon":{"url":"http:\/\/highgradelab.com\/upshot\/small-business-demo\/wp-content\/uploads\/sites\/8\/2016\/12\/favicon.png","id":"638","height":"16","width":"16","thumbnail":"http:\/\/highgradelab.com\/upshot\/small-business-demo\/wp-content\/uploads\/sites\/8\/2016\/12\/favicon.png"},"retina_favicon":{"url":"http:\/\/highgradelab.com\/upshot\/small-business-demo\/wp-content\/uploads\/sites\/8\/2016\/12\/favicon@2x.png","id":"639","height":"32","width":"32","thumbnail":"http:\/\/highgradelab.com\/upshot\/small-business-demo\/wp-content\/uploads\/sites\/8\/2016\/12\/favicon@2x.png"},"iphone_icon":{"url":"http:\/\/highgradelab.com\/upshot\/small-business-demo\/wp-content\/uploads\/sites\/8\/2016\/12\/iphone.png","id":"640","height":"60","width":"60","thumbnail":"http:\/\/highgradelab.com\/upshot\/small-business-demo\/wp-content\/uploads\/sites\/8\/2016\/12\/iphone.png"},"retina_iphone_icon":{"url":"http:\/\/highgradelab.com\/upshot\/small-business-demo\/wp-content\/uploads\/sites\/8\/2016\/12\/iphone@2x.png","id":"642","height":"120","width":"120","thumbnail":"http:\/\/highgradelab.com\/upshot\/small-business-demo\/wp-content\/uploads\/sites\/8\/2016\/12\/iphone@2x.png"},"ipad_icon":{"url":"http:\/\/highgradelab.com\/upshot\/small-business-demo\/wp-content\/uploads\/sites\/8\/2016\/12\/ipad.png","id":"641","height":"76","width":"76","thumbnail":"http:\/\/highgradelab.com\/upshot\/small-business-demo\/wp-content\/uploads\/sites\/8\/2016\/12\/ipad.png"},"ipad_retina_icon":{"url":"http:\/\/highgradelab.com\/upshot\/small-business-demo\/wp-content\/uploads\/sites\/8\/2016\/12\/ipad@2x.png","id":"643","height":"152","width":"152","thumbnail":"http:\/\/highgradelab.com\/upshot\/small-business-demo\/wp-content\/uploads\/sites\/8\/2016\/12\/ipad@2x-150x150.png"},"bg_color":"#666666","theme_dominant_color":"#21af91","ds_text_color":"#666666","h1_color":"#ffffff","h2_color":"#ffffff","h3_color":"#e0e0e0","h4_color":"#ffffff","h5_color":"#ffffff","h6_color":"#ffffff","ahref_color":{"regular":"#666666","hover":"#21af91"},"ls_text_color":"#9b9b9b","light_h1_color":"#2a2a2a","light_h2_color":"#2a2a2a","light_h3_color":"#2a2a2a","light_h4_color":"#2a2a2a","light_h5_color":"#2a2a2a","light_h6_color":"#848484","light_ahref_color":{"regular":"#5a5a5a","hover":"#21af91"},"body-font":{"font-family":"Montserrat","font-options":"","google":"1","font-weight":"400","font-style":"","subsets":"latin","text-align":"","text-transform":"","font-size":"14px","line-height":"24px","letter-spacing":""},"h1-font":{"font-family":"Montserrat","font-options":"","google":"1","font-weight":"700","font-style":"","subsets":"latin","text-align":"","text-transform":"","font-size":"120px","line-height":"110px","letter-spacing":"-1px"},"h2-font":{"font-family":"Montserrat","font-options":"","google":"1","font-weight":"400","font-style":"","subsets":"latin","text-align":"","text-transform":"","font-size":"52px","line-height":"58px","letter-spacing":"-2px"},"h3-font":{"font-family":"Playfair Display","font-options":"","google":"1","font-weight":"400","font-style":"","subsets":"latin","text-align":"","text-transform":"","font-size":"35px","line-height":"49px","letter-spacing":""},"h4-font":{"font-family":"Montserrat","font-options":"","google":"1","font-weight":"","font-style":"","subsets":"latin","text-align":"","text-transform":"","font-size":"20px","line-height":"36px","letter-spacing":""},"h5-font":{"font-family":"Montserrat","font-options":"","google":"1","font-weight":"","font-style":"","subsets":"latin","text-align":"","text-transform":"","font-size":"45px","line-height":"55px","letter-spacing":"-1px"},"h6-font":{"font-family":"Montserrat","font-options":"","google":"1","font-weight":"","font-style":"","subsets":"latin","text-align":"","text-transform":"uppercase","font-size":"14px","line-height":"20px","letter-spacing":""},"enable_page_title":"1","page_title_h1":{"font-family":"Montserrat","font-options":"","google":"1","font-weight":"700","font-style":"","subsets":"latin","text-align":"left","text-transform":"","font-size":"36px","line-height":"40px","letter-spacing":"-1px","color":"#2a2a2a"},"page_title_padding":{"padding-top":"120px","padding-right":"0","padding-bottom":"120px","padding-left":"0","units":"px"},"menu_bar_width":"menu_contained","menu-font":{"font-family":"Roboto","font-options":"","google":"1","font-weight":"400","font-style":"","subsets":"","text-align":"","text-transform":"","font-size":"14px","line-height":"60px","letter-spacing":""},"menu-font-hover-color":{"regular":"#2a2a2a","hover":"#21af91"},"identity_padding":{"padding-top":"","padding-right":"","padding-bottom":"","padding-left":"","units":"px"},"top_menu_padding":{"padding-top":"","padding-right":"","padding-bottom":"","padding-left":"","units":"px"},"top_middle_bar_right_side_padding":{"padding-top":"","padding-right":"","padding-bottom":"","padding-left":"","units":"px"},"header_floating":"1","header_floating_display_after":{"height":"180px","units":"px"},"header_floating_hide_after":{"height":"200px","units":"px"},"header_shrink_after_scroll":{"height":"200px","units":"px"},"menu_bar_initial_height":{"height":"150px","units":"px"},"menu_bar_final_height":{"height":"100px","units":"px"},"header_transparent_display_after":{"height":"200px","units":"px"},"header_transp_bg_opacity_after_scroll":"1","header_background_type":"1","header_background_rgba":{"color":"#ffffff","alpha":"1.0","rgba":"rgba(255,255,255,1)"},"header_transparent_bg_rgba":{"color":"#ffffff","alpha":"1.0","rgba":"rgba(255,255,255,1)"},"header_background_image":{"background-repeat":"","background-size":"","background-attachment":"","background-position":"","background-image":"","media":{"id":"","height":"","width":"","thumbnail":""}},"header_opacity_change_after_scroll":"1","header_background_opacity_change_after_amount":{"height":"200px","units":"px"},"header_background_opacity_after_scroll":"1.0","header_border":{"border-top":"","border-right":"","border-bottom":"","border-left":"","border-style":"solid","border-color":"#cecece"},"header_margins":{"margin-top":"0","margin-right":"0","margin-bottom":"0","margin-left":"0","units":"px"},"menu_bar_padding":{"padding-top":"","padding-right":"","padding-bottom":"","padding-left":"","units":"px"},"page_top_offset":{"height":"-30px","units":"px"},"fixed_menu-font_top_bar":{"font-family":"Roboto","font-options":"","google":"1","font-weight":"400","font-style":"","subsets":"","text-align":"","text-transform":"","font-size":"12px","line-height":"36px","letter-spacing":"","color":"#ffffff"},"fixed_menu-font-hover-color_top_bar":{"regular":"#ffc31d","hover":"#ffffff"},"top_bar_background_rgba":{"color":"#2a2a2a","alpha":"1","rgba":"rgba(42,42,42,1)"},"top_bar_left_column":"<li class=\"fa fa-map-marker\" style=\"font-size:14px\"><\/li> 51 Brandywine Drive, Ridgecrest, CA 93555. Locate us on the <a href=\"http:\/\/highgradelab.com\/cast\/main-demo\/contact\/\">map<\/a>.","top_bar_padding":{"padding-top":"","padding-right":"","padding-bottom":"","padding-left":"","units":"px"},"fixed_menu-font_middle_bar":{"font-family":"Roboto","font-options":"","google":"1","font-weight":"400","font-style":"","subsets":"","text-align":"","text-transform":"","font-size":"14px","line-height":"18px","letter-spacing":"","color":"#2a2a2a"},"fixed_menu-font-hover-color_middle_bar":{"regular":"#000000","hover":"#dd9933"},"middle_bar_background_rgba":{"color":"#ffffff","alpha":"1.0","rgba":"rgba(255,255,255,1)"},"middle_bar_first_column":"<p>+1-202-555-0170<\/br>\r\n<strong><li class=\"fa fa-phone\" style=\"font-size:14px\"><\/li> Toll Free Call<\/strong><\/p>","middle_bar_second_column":"<p>office@cast.com<br>\r\n<strong><li class=\"fa fa-envelope\" style=\"font-size:14px\"><\/li> Office Email<\/strong><\/p>","middle_bar_third_column":"<p>M - F: 10:00 - 18:00<br>\r\n<strong><li class=\"fa fa-clock-o\" style=\"font-size:14px\"><\/li> Office Hours<\/strong><\/p>","middle_bar_padding":{"padding-top":"15px","padding-right":"0","padding-bottom":"15px","padding-left":"0","units":"px"},"fixed_menu-font":{"font-family":"Roboto","font-options":"","google":"1","font-weight":"500","font-style":"","subsets":"","text-align":"","text-transform":"","font-size":"14px","line-height":"60px","letter-spacing":""},"fixed_menu-font-hover-color":{"regular":"#2a2a2a","hover":"#ffffff"},"bottom_bar_background_rgba":{"color":"#ffc31d","alpha":"1","rgba":"rgba(255,195,29,1)"},"bottom_bar_padding":{"padding-top":"0","padding-right":"0","padding-bottom":"0","padding-left":"0","units":"px"},"mobile-menu-font":{"font-family":"Roboto","font-options":"","google":"1","font-weight":"400","font-style":"","subsets":"","text-align":"center","text-transform":"","font-size":"45px","line-height":"50px","letter-spacing":""},"mobile-menu-font-hover-color":{"regular":"#000000","hover":"#21af91"},"mobile_menu_background_rgba":{"color":"#ffffff","alpha":"0.9","rgba":"rgba(255,255,255,0.9)"},"footer-bgcolor":"#222222","footer_color_scheme":"dark_scheme","footer-copyright":"Copyright 2015 <a href=\"http:\/\/www.highgradelab.com\">HighGrade<\/a>. All rights reserved.","hgr_megafooter_select":"611","cf_label_font":{"font-family":"Roboto","font-options":"","google":"1","font-weight":"700","font-style":"","subsets":"","text-align":"","text-transform":"","font-size":"12px","line-height":"30px","color":"#666666"},"cf_input_font":{"font-family":"Roboto","font-options":"","google":"1","font-weight":"400","font-style":"","subsets":"","text-align":"","text-transform":"","font-size":"12px","line-height":"12px","color":"#8b8b8b"},"cf_input_field_bg":{"alpha":"1","rgba":"0,0,0"},"cf_input_field_roundness":{"padding-top":"3px","padding-right":"3px","padding-bottom":"3px","padding-left":"3px","units":"px"},"cf_input_padding":{"padding-top":"10px","padding-right":"10px","padding-bottom":"10px","padding-left":"10px","units":"px"},"cf_input_margin":{"margin-top":"0","margin-right":"0","margin-bottom":"10px","margin-left":"0","units":"px"},"cf_input_border":{"border-top":"2px","border-right":"2px","border-bottom":"2px","border-left":"2px","border-style":"solid","border-color":"#f2f2f2"},"cf_input_submit_height":{"height":"40px","units":"px"},"cf_input_submit_bg":{"color":"#21af91","alpha":"1","rgba":"rgba(33,175,145,1)"},"cf_input_submit_hover_bg":{"color":"#16725e","alpha":"1","rgba":"rgba(22,114,94,1)"},"cf_input_submit_clr":{"regular":"#ffffff","hover":"#ffffff"},"woo_support":"0","products_per_row":"3","shop_body_font":{"font-family":"Roboto","font-options":"","google":"1","font-weight":"400","font-style":"","subsets":"","text-align":"","text-transform":"","font-size":"14px","line-height":"24px","color":"#9b9b9b"},"shop_h3_font":{"font-family":"Roboto","font-options":"","google":"1","font-weight":"500","font-style":"","subsets":"","text-align":"left","text-transform":"","font-size":"18px","line-height":"24px","color":"#2a2a2a"},"shop_price_font":{"font-family":"Roboto","font-options":"","google":"1","font-weight":"500","font-style":"","subsets":"","text-align":"left","text-transform":"","font-size":"18px","line-height":"24px","color":"#ffc31d"},"shop_h1_font":{"font-family":"Roboto","font-options":"","google":"1","font-weight":"700","font-style":"","subsets":"","text-align":"","text-transform":"","font-size":"36px","line-height":"40px","color":"#2a2a2a"},"shop_single_price_font":{"font-family":"Roboto","font-options":"","google":"1","font-weight":"500","font-style":"","subsets":"","text-align":"","text-transform":"","font-size":"24px","line-height":"36px","color":"#ffc31d"},"shop_h4_font":{"font-family":"Roboto","font-options":"","google":"1","font-weight":"500","font-style":"","subsets":"","text-align":"","text-transform":"","font-size":"18px","line-height":"24px","color":"#2a2a2a"},"shop_ahref_color":{"regular":"#2a2a2a","hover":"#ffc31d"},"shop_bg_color":"#ffffff","shop_minicart_icon_color":"#2a2a2a","woo_bubble_color":{"regular":"#3f3f3f","hover":"#0a0a0a"},"shop_minicart_bubble_color":"#ffffff","qcv_bg_color":{"color":"#f9f8f6","alpha":"1.0","rgba":"rgba(249,248,246,1)"},"qcv_border":{"border-top":"2px","border-right":"2px","border-bottom":"2px","border-left":"2px","border-style":"solid","border-color":"#cecece"},"qcv_itemTitle":{"font-family":"Roboto","font-options":"","google":"1","font-weight":"400","font-style":"","subsets":"","text-align":"","text-transform":"","font-size":"14px","line-height":"30px","color":"#000000"},"qcv_itemSubTotal":{"font-family":"Roboto","font-options":"","google":"1","font-weight":"700","font-style":"","subsets":"","text-align":"","text-transform":"","font-size":"14px","line-height":"14px","color":"#000000"},"qcv_allSubTotal":{"font-family":"Roboto","font-options":"","google":"1","font-weight":"700","font-style":"","subsets":"","text-align":"","text-transform":"","font-size":"14px","line-height":"30px","color":"#000000"},"qcv_gtc_btn_bg_color":{"regular":"#d8d8d8","hover":"#c4c4c4"},"qcv_chk_btn_bg_color":{"regular":"#ffc31d","hover":"#e5af19"},"qcv_btns":{"font-family":"Roboto","font-options":"","google":"1","font-weight":"700","font-style":"","subsets":"","text-align":"center","text-transform":"","font-size":"14px","line-height":"30px","color":"#ffffff"},"custom_empty_cart":"","blog_body_font":{"font-family":"Montserrat","font-options":"","google":"true","font-weight":"400","font-style":"","subsets":"latin","text-align":"","text-transform":"","font-size":"14px","line-height":"24px","color":"#9b9b9b"},"blog_h1_font":{"font-family":"Montserrat","font-options":"","google":"true","font-weight":"","font-style":"","subsets":"latin","text-align":"","text-transform":"","font-size":"36px","line-height":"48px","color":"#2a2a2a"},"blog_h2_font":{"font-family":"Montserrat","font-options":"","google":"true","font-weight":"","font-style":"","subsets":"latin","text-align":"","text-transform":"","font-size":"24px","line-height":"36px","color":"#2a2a2a"},"blog_h3_font":{"font-family":"Playfair Display","font-options":"","google":"true","font-weight":"400","font-style":"","subsets":"","text-align":"","text-transform":"","font-size":"35px","line-height":"49px","color":"#2a2a2a"},"blog_h4_font":{"font-family":"Montserrat","font-options":"","google":"true","font-weight":"","font-style":"","subsets":"latin","text-align":"","text-transform":"","font-size":"20px","line-height":"36px","color":"#2a2a2a"},"blog_h5_font":{"font-family":"Montserrat","font-options":"","google":"true","font-weight":"","font-style":"","subsets":"latin","text-align":"","text-transform":"","font-size":"45px","line-height":"55px","color":"#2a2a2a"},"blog_h6_font":{"font-family":"Montserrat","font-options":"","google":"true","font-weight":"","font-style":"","subsets":"latin","text-align":"","text-transform":"","font-size":"14px","line-height":"20px","color":"#2a2a2a"},"blog_ahref_color":{"regular":"#2a2a2a","hover":"#21af91"},"blog_bg_color":"#ffffff","enable_css-code":"custom_css_on","css-code":".image-hover {\r\n   -webkit-transition: all 0.3s ease-in-out;\r\n   -moz-transition: all 0.3s ease-in-out;\r\n   -o-transition: all 0.3s ease-in-out;\r\n   -ms-transition: all 0.3s ease-out;\r\n   transition: all 0.3s ease-in-out;\r\n   opacity:0.3;\r\n}\r\n.image-hover:hover {\r\n   opacity:1;\r\n}\r\n.image-color {\r\n       -webkit-transition: all 0.3s ease-in-out;\r\n   -moz-transition: all 0.3s ease-in-out;\r\n   -o-transition: all 0.3s ease-in-out;\r\n   -ms-transition: all 0.3s ease-out;\r\n   transition: all 0.3s ease-in-out;\r\n   opacity:1;\r\n}\r\n.image-color:hover {\r\n  opacity:0.5;\r\n}\r\n.vc_btn3 {\r\n    font-weight:500 !important;\r\n}\r\n.theme-default .nivoSlider {\r\n    box-shadow:none !important;\r\n}\r\n.nivo-controlNav{\r\n    display:none !important;\r\n}\r\n.cd-primary-nav {\r\n    text-align: center !important;\r\n}","enable_js-code":"custom_js_off","js-code":"jQuery(document).ready(function(){\r\n\r\n});","redux-backup":"1"}